StateAbbreviation,ResponsibleDistrictIdentifier,ResponsibleInstitutionIdentifier,LastOrSurname,FirstName,MiddleName,Birthdate,SSID,AlternateSSID,GradeLevelWhenAssessed,Sex,HispanicOrLatinoEthnicity,AmericanIndianOrAlaskaNative,Asian,BlackOrAfricanAmerican,White,NativeHawaiianOrOtherPacificIslander,DemographicRaceTwoOrMoreRaces,IDEAIndicator,LEPStatus,Section504Status,EconomicDisadvantageStatus,LanguageCode,EnglishLanguageProficiencyLevel,MigrantStatus,FirstEntryDateIntoUSSchool,LimitedEnglishProficiencyEntryDate,LEPExitDate,TitleIIILanguageInstructionProgramType,PrimaryDisabilityType,Delete
OR,orbend001,orbendhs,LastName0,Name0,MiddleName0,,STUDENTTEST0,ASTUDENTTEST0,03,Male,NO,NO,YES,NO,NO,NO,NO,NO,NO,NO,NO,,,NO,,,,,,
OR,orbend001,orbendhs,LastName1,Name1,MiddleName1,,STUDENTTEST1,ASTUDENTTEST1,03,Male,NO,YES,NO,NO,NO,NO,NO,NO,NO,NO,NO,,,NO,,,,,,
OR,orbend001,orbendhs,LastName2,Name2,MiddleName2,,STUDENTTEST2,ASTUDENTTEST2,03,Female,NO,NO,NO,NO,YES,NO,NO,NO,NO,NO,NO,,,NO,,,,,,
OR,orbend001,orbendhs,LastName3,Name3,MiddleName3,,STUDENTTEST3,ASTUDENTTEST3,03,Female,NO,YES,NO,NO,NO,NO,NO,NO,NO,NO,NO,,,NO,,,,,,
OR,orbend001,orbendhs,LastName4,Name4,MiddleName4,,STUDENTTEST4,ASTUDENTTEST4,03,Female,NO,NO,NO,NO,NO,YES,NO,NO,NO,NO,NO,,,NO,,,,,,
OR,orbend001,orbendhs,LastName5,Name5,MiddleName5,,STUDENTTEST5,ASTUDENTTEST5,03,Female,NO,NO,NO,YES,NO,NO,NO,NO,NO,NO,NO,,,NO,,,,,,
OR,orbend001,orbendhs,LastName6,Name6,MiddleName6,,STUDENTTEST6,ASTUDENTTEST6,03,Female,NO,NO,NO,NO,YES,NO,NO,NO,NO,NO,NO,,,NO,,,,,,
OR,orbend001,orbendhs,LastName7,Name7,MiddleName7,,STUDENTTEST7,ASTUDENTTEST7,03,Male,NO,NO,NO,YES,NO,NO,NO,NO,NO,NO,NO,,,NO,,,,,,
OR,orbend001,orbendhs,LastName8,Name8,MiddleName8,,STUDENTTEST8,ASTUDENTTEST8,03,Male,YES,NO,NO,NO,NO,NO,NO,NO,NO,NO,NO,,,NO,,,,,,
OR,orbend001,orbendhs,LastName9,Name9,MiddleName9,,STUDENTTEST9,ASTUDENTTEST9,03,Male,NO,YES,NO,NO,NO,NO,NO,NO,NO,NO,NO,,,NO,,,,,,
OR,orbend001,orbendhs,LastName10,Name10,MiddleName10,,STUDENTTEST10,ASTUDENTTEST10,03,Male,NO,NO,NO,YES,NO,NO,NO,NO,NO,NO,NO,,,NO,,,,,,
OR,orbend001,orbendhs,LastName11,Name11,MiddleName11,,STUDENTTEST11,ASTUDENTTEST11,03,Male,NO,NO,NO,NO,YES,NO,NO,NO,NO,NO,NO,,,NO,,,,,,
OR,orbend001,orbendhs,LastName12,Name12,MiddleName12,,STUDENTTEST12,ASTUDENTTEST12,03,Female,NO,NO,NO,NO,NO,YES,NO,NO,NO,NO,NO,,,NO,,,,,,
OR,orbend001,orbendhs,LastName13,Name13,MiddleName13,,STUDENTTEST13,ASTUDENTTEST13,03,Female,NO,NO,YES,NO,NO,NO,NO,NO,NO,NO,NO,,,NO,,,,,,
OR,orbend001,orbendhs,LastName14,Name14,MiddleName14,,STUDENTTEST14,ASTUDENTTEST14,03,Male,NO,YES,NO,NO,NO,NO,NO,NO,NO,NO,NO,,,NO,,,,,,
OR,orbend001,orbendhs,LastName15,Name15,MiddleName15,,STUDENTTEST15,ASTUDENTTEST15,03,Female,NO,NO,NO,NO,YES,NO,NO,NO,NO,NO,NO,,,NO,,,,,,
OR,orbend001,orbendhs,LastName16,Name16,MiddleName16,,STUDENTTEST16,ASTUDENTTEST16,03,Female,NO,NO,NO,NO,YES,NO,NO,NO,NO,NO,NO,,,NO,,,,,,
OR,orbend001,orbendhs,LastName17,Name17,MiddleName17,,STUDENTTEST17,ASTUDENTTEST17,03,Male,NO,YES,NO,NO,NO,NO,NO,NO,NO,NO,NO,,,NO,,,,,,
OR,orbend001,orbendhs,LastName18,Name18,MiddleName18,,STUDENTTEST18,ASTUDENTTEST18,03,Female,NO,NO,YES,NO,NO,NO,NO,NO,NO,NO,NO,,,NO,,,,,,
OR,orbend001,orbendhs,LastName19,Name19,MiddleName19,,STUDENTTEST19,ASTUDENTTEST19,03,Male,YES,NO,NO,NO,NO,NO,NO,NO,NO,NO,NO,,,NO,,,,,,
OR,orbend001,orbendhs,LastName20,Name20,MiddleName20,,STUDENTTEST20,ASTUDENTTEST20,03,Female,NO,NO,NO,YES,NO,NO,NO,NO,NO,NO,NO,,,NO,,,,,,
OR,orbend001,orbendhs,LastName21,Name21,MiddleName21,,STUDENTTEST21,ASTUDENTTEST21,03,Female,NO,NO,YES,NO,NO,NO,NO,NO,NO,NO,NO,,,NO,,,,,,
OR,orbend001,orbendhs,LastName22,Name22,MiddleName22,,STUDENTTEST22,ASTUDENTTEST22,03,Female,NO,NO,NO,NO,NO,YES,NO,NO,NO,NO,NO,,,NO,,,,,,
OR,orbend001,orbendhs,LastName23,Name23,MiddleName23,,STUDENTTEST23,ASTUDENTTEST23,03,Male,NO,NO,YES,NO,NO,NO,NO,NO,NO,NO,NO,,,NO,,,,,,
OR,orbend001,orbendhs,LastName24,Name24,MiddleName24,,STUDENTTEST24,ASTUDENTTEST24,03,Female,NO,YES,NO,NO,NO,NO,NO,NO,NO,NO,NO,,,NO,,,,,,
OR,orbend001,orbendhs,LastName25,Name25,MiddleName25,,STUDENTTEST25,ASTUDENTTEST25,03,Male,YES,NO,NO,NO,NO,NO,NO,NO,NO,NO,NO,,,NO,,,,,,
OR,orbend001,orbendhs,LastName26,Name26,MiddleName26,,STUDENTTEST26,ASTUDENTTEST26,03,Male,NO,NO,NO,NO,YES,NO,NO,NO,NO,NO,NO,,,NO,,,,,,
OR,orbend001,orbendhs,LastName27,Name27,MiddleName27,,STUDENTTEST27,ASTUDENTTEST27,03,Male,NO,NO,YES,NO,NO,NO,NO,NO,NO,NO,NO,,,NO,,,,,,
OR,orbend001,orbendhs,LastName28,Name28,MiddleName28,,STUDENTTEST28,ASTUDENTTEST28,03,Female,YES,NO,NO,NO,NO,NO,NO,NO,NO,NO,NO,,,NO,,,,,,
OR,orbend001,orbendhs,LastName29,Name29,MiddleName29,,STUDENTTEST29,ASTUDENTTEST29,03,Male,NO,NO,YES,NO,NO,NO,NO,NO,NO,NO,NO,,,NO,,,,,,
OR,orbend001,orbendhs,LastName30,Name30,MiddleName30,,STUDENTTEST30,ASTUDENTTEST30,03,Female,YES,NO,NO,NO,NO,NO,NO,NO,NO,NO,NO,,,NO,,,,,,
OR,orbend001,orbendhs,LastName31,Name31,MiddleName31,,STUDENTTEST31,ASTUDENTTEST31,03,Female,NO,YES,NO,NO,NO,NO,NO,NO,NO,NO,NO,,,NO,,,,,,
OR,orbend001,orbendhs,LastName32,Name32,MiddleName32,,STUDENTTEST32,ASTUDENTTEST32,03,Female,NO,NO,NO,NO,NO,YES,NO,NO,NO,NO,NO,,,NO,,,,,,
OR,orbend001,orbendhs,LastName33,Name33,MiddleName33,,STUDENTTEST33,ASTUDENTTEST33,03,Female,NO,NO,NO,YES,NO,NO,NO,NO,NO,NO,NO,,,NO,,,,,,
OR,orbend001,orbendhs,LastName34,Name34,MiddleName34,,STUDENTTEST34,ASTUDENTTEST34,03,Male,NO,NO,NO,NO,NO,YES,NO,NO,NO,NO,NO,,,NO,,,,,,
OR,orbend001,orbendhs,LastName35,Name35,MiddleName35,,STUDENTTEST35,ASTUDENTTEST35,03,Female,NO,NO,NO,YES,NO,NO,NO,NO,NO,NO,NO,,,NO,,,,,,
OR,orbend001,orbendhs,LastName36,Name36,MiddleName36,,STUDENTTEST36,ASTUDENTTEST36,03,Male,NO,NO,NO,NO,NO,YES,NO,NO,NO,NO,NO,,,NO,,,,,,
OR,orbend001,orbendhs,LastName37,Name37,MiddleName37,,STUDENTTEST37,ASTUDENTTEST37,03,Female,NO,NO,NO,NO,YES,NO,NO,NO,NO,NO,NO,,,NO,,,,,,
OR,orbend001,orbendhs,LastName38,Name38,MiddleName38,,STUDENTTEST38,ASTUDENTTEST38,03,Male,NO,NO,YES,NO,NO,NO,NO,NO,NO,NO,NO,,,NO,,,,,,
OR,orbend001,orbendhs,LastName39,Name39,MiddleName39,,STUDENTTEST39,ASTUDENTTEST39,03,Female,YES,NO,NO,NO,NO,NO,NO,NO,NO,NO,NO,,,NO,,,,,,
OR,orbend001,orbendhs,LastName40,Name40,MiddleName40,,STUDENTTEST40,ASTUDENTTEST40,03,Female,NO,NO,YES,NO,NO,NO,NO,NO,NO,NO,NO,,,NO,,,,,,
OR,orbend001,orbendhs,LastName41,Name41,MiddleName41,,STUDENTTEST41,ASTUDENTTEST41,03,Female,YES,NO,NO,NO,NO,NO,NO,NO,NO,NO,NO,,,NO,,,,,,
OR,orbend001,orbendhs,LastName42,Name42,MiddleName42,,STUDENTTEST42,ASTUDENTTEST42,03,Male,YES,NO,NO,NO,NO,NO,NO,NO,NO,NO,NO,,,NO,,,,,,
OR,orbend001,orbendhs,LastName43,Name43,MiddleName43,,STUDENTTEST43,ASTUDENTTEST43,03,Male,NO,NO,YES,NO,NO,NO,NO,NO,NO,NO,NO,,,NO,,,,,,
OR,orbend001,orbendhs,LastName44,Name44,MiddleName44,,STUDENTTEST44,ASTUDENTTEST44,03,Male,NO,YES,NO,NO,NO,NO,NO,NO,NO,NO,NO,,,NO,,,,,,
OR,orbend001,orbendhs,LastName45,Name45,MiddleName45,,STUDENTTEST45,ASTUDENTTEST45,03,Female,YES,NO,NO,NO,NO,NO,NO,NO,NO,NO,NO,,,NO,,,,,,
OR,orbend001,orbendhs,LastName46,Name46,MiddleName46,,STUDENTTEST46,ASTUDENTTEST46,03,Male,NO,NO,YES,NO,NO,NO,NO,NO,NO,NO,NO,,,NO,,,,,,
OR,orbend001,orbendhs,LastName47,Name47,MiddleName47,,STUDENTTEST47,ASTUDENTTEST47,03,Male,NO,YES,NO,NO,NO,NO,NO,NO,NO,NO,NO,,,NO,,,,,,
OR,orbend001,orbendhs,LastName48,Name48,MiddleName48,,STUDENTTEST48,ASTUDENTTEST48,03,Female,NO,NO,NO,NO,NO,YES,NO,NO,NO,NO,NO,,,NO,,,,,,
OR,orbend001,orbendhs,LastName49,Name49,MiddleName49,,STUDENTTEST49,ASTUDENTTEST49,03,Female,NO,NO,NO,YES,NO,NO,NO,NO,NO,NO,NO,,,NO,,,,,,
OR,orbend001,orbendhs,LastName50,Name50,MiddleName50,,STUDENTTEST50,ASTUDENTTEST50,03,Male,NO,NO,NO,NO,YES,NO,NO,NO,NO,NO,NO,,,NO,,,,,,
OR,orbend001,orbendhs,LastName51,Name51,MiddleName51,,STUDENTTEST51,ASTUDENTTEST51,03,Male,NO,YES,NO,NO,NO,NO,NO,NO,NO,NO,NO,,,NO,,,,,,
OR,orbend001,orbendhs,LastName52,Name52,MiddleName52,,STUDENTTEST52,ASTUDENTTEST52,03,Male,NO,YES,NO,NO,NO,NO,NO,NO,NO,NO,NO,,,NO,,,,,,
OR,orbend001,orbendhs,LastName53,Name53,MiddleName53,,STUDENTTEST53,ASTUDENTTEST53,03,Female,NO,NO,YES,NO,NO,NO,NO,NO,NO,NO,NO,,,NO,,,,,,
OR,orbend001,orbendhs,LastName54,Name54,MiddleName54,,STUDENTTEST54,ASTUDENTTEST54,03,Female,NO,NO,NO,NO,YES,NO,NO,NO,NO,NO,NO,,,NO,,,,,,
OR,orbend001,orbendhs,LastName55,Name55,MiddleName55,,STUDENTTEST55,ASTUDENTTEST55,03,Female,NO,NO,NO,YES,NO,NO,NO,NO,NO,NO,NO,,,NO,,,,,,
OR,orbend001,orbendhs,LastName56,Name56,MiddleName56,,STUDENTTEST56,ASTUDENTTEST56,03,Male,NO,YES,NO,NO,NO,NO,NO,NO,NO,NO,NO,,,NO,,,,,,
OR,orbend001,orbendhs,LastName57,Name57,MiddleName57,,STUDENTTEST57,ASTUDENTTEST57,03,Male,YES,NO,NO,NO,NO,NO,NO,NO,NO,NO,NO,,,NO,,,,,,
OR,orbend001,orbendhs,LastName58,Name58,MiddleName58,,STUDENTTEST58,ASTUDENTTEST58,03,Male,NO,NO,NO,NO,YES,NO,NO,NO,NO,NO,NO,,,NO,,,,,,
OR,orbend001,orbendhs,LastName59,Name59,MiddleName59,,STUDENTTEST59,ASTUDENTTEST59,03,Female,NO,NO,YES,NO,NO,NO,NO,NO,NO,NO,NO,,,NO,,,,,,
OR,orbend001,orbendhs,LastName60,Name60,MiddleName60,,STUDENTTEST60,ASTUDENTTEST60,03,Male,YES,NO,NO,NO,NO,NO,NO,NO,NO,NO,NO,,,NO,,,,,,
OR,orbend001,orbendhs,LastName61,Name61,MiddleName61,,STUDENTTEST61,ASTUDENTTEST61,03,Male,NO,NO,NO,NO,NO,YES,NO,NO,NO,NO,NO,,,NO,,,,,,
OR,orbend001,orbendhs,LastName62,Name62,MiddleName62,,STUDENTTEST62,ASTUDENTTEST62,03,Male,NO,NO,NO,NO,NO,YES,NO,NO,NO,NO,NO,,,NO,,,,,,
OR,orbend001,orbendhs,LastName63,Name63,MiddleName63,,STUDENTTEST63,ASTUDENTTEST63,03,Male,NO,NO,NO,NO,YES,NO,NO,NO,NO,NO,NO,,,NO,,,,,,
OR,orbend001,orbendhs,LastName64,Name64,MiddleName64,,STUDENTTEST64,ASTUDENTTEST64,03,Male,NO,NO,NO,YES,NO,NO,NO,NO,NO,NO,NO,,,NO,,,,,,
OR,orbend001,orbendhs,LastName65,Name65,MiddleName65,,STUDENTTEST65,ASTUDENTTEST65,03,Female,YES,NO,NO,NO,NO,NO,NO,NO,NO,NO,NO,,,NO,,,,,,
OR,orbend001,orbendhs,LastName66,Name66,MiddleName66,,STUDENTTEST66,ASTUDENTTEST66,03,Male,NO,NO,NO,NO,YES,NO,NO,NO,NO,NO,NO,,,NO,,,,,,
OR,orbend001,orbendhs,LastName67,Name67,MiddleName67,,STUDENTTEST67,ASTUDENTTEST67,03,Male,NO,NO,NO,NO,NO,YES,NO,NO,NO,NO,NO,,,NO,,,,,,
OR,orbend001,orbendhs,LastName68,Name68,MiddleName68,,STUDENTTEST68,ASTUDENTTEST68,03,Male,NO,YES,NO,NO,NO,NO,NO,NO,NO,NO,NO,,,NO,,,,,,
OR,orbend001,orbendhs,LastName69,Name69,MiddleName69,,STUDENTTEST69,ASTUDENTTEST69,03,Female,NO,NO,YES,NO,NO,NO,NO,NO,NO,NO,NO,,,NO,,,,,,
OR,orbend001,orbendhs,LastName70,Name70,MiddleName70,,STUDENTTEST70,ASTUDENTTEST70,03,Male,NO,NO,YES,NO,NO,NO,NO,NO,NO,NO,NO,,,NO,,,,,,
OR,orbend001,orbendhs,LastName71,Name71,MiddleName71,,STUDENTTEST71,ASTUDENTTEST71,03,Male,YES,NO,NO,NO,NO,NO,NO,NO,NO,NO,NO,,,NO,,,,,,
OR,orbend001,orbendhs,LastName72,Name72,MiddleName72,,STUDENTTEST72,ASTUDENTTEST72,03,Female,NO,NO,NO,YES,NO,NO,NO,NO,NO,NO,NO,,,NO,,,,,,
OR,orbend001,orbendhs,LastName73,Name73,MiddleName73,,STUDENTTEST73,ASTUDENTTEST73,03,Male,NO,YES,NO,NO,NO,NO,NO,NO,NO,NO,NO,,,NO,,,,,,
OR,orbend001,orbendhs,LastName74,Name74,MiddleName74,,STUDENTTEST74,ASTUDENTTEST74,03,Male,NO,NO,NO,NO,NO,YES,NO,NO,NO,NO,NO,,,NO,,,,,,
OR,orbend001,orbendhs,LastName75,Name75,MiddleName75,,STUDENTTEST75,ASTUDENTTEST75,03,Female,NO,NO,YES,NO,NO,NO,NO,NO,NO,NO,NO,,,NO,,,,,,
OR,orbend001,orbendhs,LastName76,Name76,MiddleName76,,STUDENTTEST76,ASTUDENTTEST76,03,Female,YES,NO,NO,NO,NO,NO,NO,NO,NO,NO,NO,,,NO,,,,,,
OR,orbend001,orbendhs,LastName77,Name77,MiddleName77,,STUDENTTEST77,ASTUDENTTEST77,03,Male,YES,NO,NO,NO,NO,NO,NO,NO,NO,NO,NO,,,NO,,,,,,
OR,orbend001,orbendhs,LastName78,Name78,MiddleName78,,STUDENTTEST78,ASTUDENTTEST78,03,Female,NO,NO,NO,NO,NO,YES,NO,NO,NO,NO,NO,,,NO,,,,,,
OR,orbend001,orbendhs,LastName79,Name79,MiddleName79,,STUDENTTEST79,ASTUDENTTEST79,03,Male,YES,NO,NO,NO,NO,NO,NO,NO,NO,NO,NO,,,NO,,,,,,
OR,orbend001,orbendhs,LastName80,Name80,MiddleName80,,STUDENTTEST80,ASTUDENTTEST80,03,Female,NO,YES,NO,NO,NO,NO,NO,NO,NO,NO,NO,,,NO,,,,,,
OR,orbend001,orbendhs,LastName81,Name81,MiddleName81,,STUDENTTEST81,ASTUDENTTEST81,03,Male,NO,NO,YES,NO,NO,NO,NO,NO,NO,NO,NO,,,NO,,,,,,
OR,orbend001,orbendhs,LastName82,Name82,MiddleName82,,STUDENTTEST82,ASTUDENTTEST82,03,Female,NO,NO,NO,YES,NO,NO,NO,NO,NO,NO,NO,,,NO,,,,,,
OR,orbend001,orbendhs,LastName83,Name83,MiddleName83,,STUDENTTEST83,ASTUDENTTEST83,03,Female,NO,NO,NO,YES,NO,NO,NO,NO,NO,NO,NO,,,NO,,,,,,
OR,orbend001,orbendhs,LastName84,Name84,MiddleName84,,STUDENTTEST84,ASTUDENTTEST84,03,Male,NO,NO,NO,NO,YES,NO,NO,NO,NO,NO,NO,,,NO,,,,,,
OR,orbend001,orbendhs,LastName85,Name85,MiddleName85,,STUDENTTEST85,ASTUDENTTEST85,03,Male,NO,NO,YES,NO,NO,NO,NO,NO,NO,NO,NO,,,NO,,,,,,
OR,orbend001,orbendhs,LastName86,Name86,MiddleName86,,STUDENTTEST86,ASTUDENTTEST86,03,Female,NO,NO,NO,NO,NO,YES,NO,NO,NO,NO,NO,,,NO,,,,,,
OR,orbend001,orbendhs,LastName87,Name87,MiddleName87,,STUDENTTEST87,ASTUDENTTEST87,03,Female,NO,YES,NO,NO,NO,NO,NO,NO,NO,NO,NO,,,NO,,,,,,
OR,orbend001,orbendhs,LastName88,Name88,MiddleName88,,STUDENTTEST88,ASTUDENTTEST88,03,Female,YES,NO,NO,NO,NO,NO,NO,NO,NO,NO,NO,,,NO,,,,,,
OR,orbend001,orbendhs,LastName89,Name89,MiddleName89,,STUDENTTEST89,ASTUDENTTEST89,03,Male,YES,NO,NO,NO,NO,NO,NO,NO,NO,NO,NO,,,NO,,,,,,
OR,orbend001,orbendhs,LastName90,Name90,MiddleName90,,STUDENTTEST90,ASTUDENTTEST90,03,Female,NO,YES,NO,NO,NO,NO,NO,NO,NO,NO,NO,,,NO,,,,,,
OR,orbend001,orbendhs,LastName91,Name91,MiddleName91,,STUDENTTEST91,ASTUDENTTEST91,03,Male,NO,NO,NO,NO,NO,YES,NO,NO,NO,NO,NO,,,NO,,,,,,
OR,orbend001,orbendhs,LastName92,Name92,MiddleName92,,STUDENTTEST92,ASTUDENTTEST92,03,Male,YES,NO,NO,NO,NO,NO,NO,NO,NO,NO,NO,,,NO,,,,,,
OR,orbend001,orbendhs,LastName93,Name93,MiddleName93,,STUDENTTEST93,ASTUDENTTEST93,03,Male,NO,NO,NO,YES,NO,NO,NO,NO,NO,NO,NO,,,NO,,,,,,
OR,orbend001,orbendhs,LastName94,Name94,MiddleName94,,STUDENTTEST94,ASTUDENTTEST94,03,Female,NO,NO,YES,NO,NO,NO,NO,NO,NO,NO,NO,,,NO,,,,,,
OR,orbend001,orbendhs,LastName95,Name95,MiddleName95,,STUDENTTEST95,ASTUDENTTEST95,03,Female,NO,NO,NO,YES,NO,NO,NO,NO,NO,NO,NO,,,NO,,,,,,
OR,orbend001,orbendhs,LastName96,Name96,MiddleName96,,STUDENTTEST96,ASTUDENTTEST96,03,Female,NO,NO,NO,YES,NO,NO,NO,NO,NO,NO,NO,,,NO,,,,,,
OR,orbend001,orbendhs,LastName97,Name97,MiddleName97,,STUDENTTEST97,ASTUDENTTEST97,03,Male,NO,NO,NO,NO,NO,YES,NO,NO,NO,NO,NO,,,NO,,,,,,
OR,orbend001,orbendhs,LastName98,Name98,MiddleName98,,STUDENTTEST98,ASTUDENTTEST98,03,Male,NO,NO,YES,NO,NO,NO,NO,NO,NO,NO,NO,,,NO,,,,,,
OR,orbend001,orbendhs,LastName99,Name99,MiddleName99,,STUDENTTEST99,ASTUDENTTEST99,03,Female,NO,YES,NO,NO,NO,NO,NO,NO,NO,NO,NO,,,NO,,,,,,
OR,orbend001,orbendhs,LastName100,Name100,MiddleName100,,STUDENTTEST100,ASTUDENTTEST100,03,Male,NO,YES,NO,NO,NO,NO,NO,NO,NO,NO,NO,,,NO,,,,,,
OR,orbend001,orbendhs,LastName101,Name101,MiddleName101,,STUDENTTEST101,ASTUDENTTEST101,03,Male,NO,NO,NO,YES,NO,NO,NO,NO,NO,NO,NO,,,NO,,,,,,
OR,orbend001,orbendhs,LastName102,Name102,MiddleName102,,STUDENTTEST102,ASTUDENTTEST102,03,Female,YES,NO,NO,NO,NO,NO,NO,NO,NO,NO,NO,,,NO,,,,,,
OR,orbend001,orbendhs,LastName103,Name103,MiddleName103,,STUDENTTEST103,ASTUDENTTEST103,03,Male,NO,YES,NO,NO,NO,NO,NO,NO,NO,NO,NO,,,NO,,,,,,
OR,orbend001,orbendhs,LastName104,Name104,MiddleName104,,STUDENTTEST104,ASTUDENTTEST104,03,Male,NO,YES,NO,NO,NO,NO,NO,NO,NO,NO,NO,,,NO,,,,,,
OR,orbend001,orbendhs,LastName105,Name105,MiddleName105,,STUDENTTEST105,ASTUDENTTEST105,03,Male,NO,NO,YES,NO,NO,NO,NO,NO,NO,NO,NO,,,NO,,,,,,
OR,orbend001,orbendhs,LastName106,Name106,MiddleName106,,STUDENTTEST106,ASTUDENTTEST106,03,Male,NO,NO,YES,NO,NO,NO,NO,NO,NO,NO,NO,,,NO,,,,,,
OR,orbend001,orbendhs,LastName107,Name107,MiddleName107,,STUDENTTEST107,ASTUDENTTEST107,03,Female,NO,NO,YES,NO,NO,NO,NO,NO,NO,NO,NO,,,NO,,,,,,
OR,orbend001,orbendhs,LastName108,Name108,MiddleName108,,STUDENTTEST108,ASTUDENTTEST108,03,Female,NO,NO,NO,NO,NO,YES,NO,NO,NO,NO,NO,,,NO,,,,,,
OR,orbend001,orbendhs,LastName109,Name109,MiddleName109,,STUDENTTEST109,ASTUDENTTEST109,03,Female,NO,NO,NO,YES,NO,NO,NO,NO,NO,NO,NO,,,NO,,,,,,
OR,orbend001,orbendhs,LastName110,Name110,MiddleName110,,STUDENTTEST110,ASTUDENTTEST110,03,Female,NO,NO,NO,YES,NO,NO,NO,NO,NO,NO,NO,,,NO,,,,,,
OR,orbend001,orbendhs,LastName111,Name111,MiddleName111,,STUDENTTEST111,ASTUDENTTEST111,03,Female,NO,NO,NO,NO,NO,YES,NO,NO,NO,NO,NO,,,NO,,,,,,
OR,orbend001,orbendhs,LastName112,Name112,MiddleName112,,STUDENTTEST112,ASTUDENTTEST112,03,Male,NO,NO,NO,NO,YES,NO,NO,NO,NO,NO,NO,,,NO,,,,,,
OR,orbend001,orbendhs,LastName113,Name113,MiddleName113,,STUDENTTEST113,ASTUDENTTEST113,03,Male,NO,NO,NO,NO,NO,YES,NO,NO,NO,NO,NO,,,NO,,,,,,
OR,orbend001,orbendhs,LastName114,Name114,MiddleName114,,STUDENTTEST114,ASTUDENTTEST114,03,Female,NO,YES,NO,NO,NO,NO,NO,NO,NO,NO,NO,,,NO,,,,,,
OR,orbend001,orbendhs,LastName115,Name115,MiddleName115,,STUDENTTEST115,ASTUDENTTEST115,03,Female,NO,NO,NO,YES,NO,NO,NO,NO,NO,NO,NO,,,NO,,,,,,
OR,orbend001,orbendhs,LastName116,Name116,MiddleName116,,STUDENTTEST116,ASTUDENTTEST116,03,Female,NO,NO,NO,NO,NO,YES,NO,NO,NO,NO,NO,,,NO,,,,,,
OR,orbend001,orbendhs,LastName117,Name117,MiddleName117,,STUDENTTEST117,ASTUDENTTEST117,03,Male,NO,NO,NO,NO,YES,NO,NO,NO,NO,NO,NO,,,NO,,,,,,
OR,orbend001,orbendhs,LastName118,Name118,MiddleName118,,STUDENTTEST118,ASTUDENTTEST118,03,Female,NO,NO,NO,NO,NO,YES,NO,NO,NO,NO,NO,,,NO,,,,,,
OR,orbend001,orbendhs,LastName119,Name119,MiddleName119,,STUDENTTEST119,ASTUDENTTEST119,03,Female,NO,NO,YES,NO,NO,NO,NO,NO,NO,NO,NO,,,NO,,,,,,
OR,orbend001,orbendhs,LastName120,Name120,MiddleName120,,STUDENTTEST120,ASTUDENTTEST120,03,Male,NO,YES,NO,NO,NO,NO,NO,NO,NO,NO,NO,,,NO,,,,,,
OR,orbend001,orbendhs,LastName121,Name121,MiddleName121,,STUDENTTEST121,ASTUDENTTEST121,03,Female,YES,NO,NO,NO,NO,NO,NO,NO,NO,NO,NO,,,NO,,,,,,
OR,orbend001,orbendhs,LastName122,Name122,MiddleName122,,STUDENTTEST122,ASTUDENTTEST122,03,Male,NO,NO,YES,NO,NO,NO,NO,NO,NO,NO,NO,,,NO,,,,,,
OR,orbend001,orbendhs,LastName123,Name123,MiddleName123,,STUDENTTEST123,ASTUDENTTEST123,03,Male,YES,NO,NO,NO,NO,NO,NO,NO,NO,NO,NO,,,NO,,,,,,
OR,orbend001,orbendhs,LastName124,Name124,MiddleName124,,STUDENTTEST124,ASTUDENTTEST124,03,Female,NO,YES,NO,NO,NO,NO,NO,NO,NO,NO,NO,,,NO,,,,,,
OR,orbend001,orbendhs,LastName125,Name125,MiddleName125,,STUDENTTEST125,ASTUDENTTEST125,03,Female,NO,NO,NO,YES,NO,NO,NO,NO,NO,NO,NO,,,NO,,,,,,
OR,orbend001,orbendhs,LastName126,Name126,MiddleName126,,STUDENTTEST126,ASTUDENTTEST126,03,Female,NO,NO,NO,YES,NO,NO,NO,NO,NO,NO,NO,,,NO,,,,,,
OR,orbend001,orbendhs,LastName127,Name127,MiddleName127,,STUDENTTEST127,ASTUDENTTEST127,03,Female,NO,NO,NO,NO,NO,YES,NO,NO,NO,NO,NO,,,NO,,,,,,
OR,orbend001,orbendhs,LastName128,Name128,MiddleName128,,STUDENTTEST128,ASTUDENTTEST128,03,Female,NO,NO,NO,NO,NO,YES,NO,NO,NO,NO,NO,,,NO,,,,,,
OR,orbend001,orbendhs,LastName129,Name129,MiddleName129,,STUDENTTEST129,ASTUDENTTEST129,03,Male,YES,NO,NO,NO,NO,NO,NO,NO,NO,NO,NO,,,NO,,,,,,
OR,orbend001,orbendhs,LastName130,Name130,MiddleName130,,STUDENTTEST130,ASTUDENTTEST130,03,Female,YES,NO,NO,NO,NO,NO,NO,NO,NO,NO,NO,,,NO,,,,,,
OR,orbend001,orbendhs,LastName131,Name131,MiddleName131,,STUDENTTEST131,ASTUDENTTEST131,03,Female,NO,NO,NO,NO,NO,YES,NO,NO,NO,NO,NO,,,NO,,,,,,
OR,orbend001,orbendhs,LastName132,Name132,MiddleName132,,STUDENTTEST132,ASTUDENTTEST132,03,Female,NO,NO,NO,NO,NO,YES,NO,NO,NO,NO,NO,,,NO,,,,,,
OR,orbend001,orbendhs,LastName133,Name133,MiddleName133,,STUDENTTEST133,ASTUDENTTEST133,03,Male,YES,NO,NO,NO,NO,NO,NO,NO,NO,NO,NO,,,NO,,,,,,
OR,orbend001,orbendhs,LastName134,Name134,MiddleName134,,STUDENTTEST134,ASTUDENTTEST134,03,Female,NO,NO,NO,NO,NO,YES,NO,NO,NO,NO,NO,,,NO,,,,,,
OR,orbend001,orbendhs,LastName135,Name135,MiddleName135,,STUDENTTEST135,ASTUDENTTEST135,03,Female,NO,YES,NO,NO,NO,NO,NO,NO,NO,NO,NO,,,NO,,,,,,
OR,orbend001,orbendhs,LastName136,Name136,MiddleName136,,STUDENTTEST136,ASTUDENTTEST136,03,Male,NO,NO,YES,NO,NO,NO,NO,NO,NO,NO,NO,,,NO,,,,,,
OR,orbend001,orbendhs,LastName137,Name137,MiddleName137,,STUDENTTEST137,ASTUDENTTEST137,03,Male,NO,NO,YES,NO,NO,NO,NO,NO,NO,NO,NO,,,NO,,,,,,
OR,orbend001,orbendhs,LastName138,Name138,MiddleName138,,STUDENTTEST138,ASTUDENTTEST138,03,Female,NO,YES,NO,NO,NO,NO,NO,NO,NO,NO,NO,,,NO,,,,,,
OR,orbend001,orbendhs,LastName139,Name139,MiddleName139,,STUDENTTEST139,ASTUDENTTEST139,03,Female,NO,NO,NO,NO,YES,NO,NO,NO,NO,NO,NO,,,NO,,,,,,
OR,orbend001,orbendhs,LastName140,Name140,MiddleName140,,STUDENTTEST140,ASTUDENTTEST140,03,Male,NO,NO,YES,NO,NO,NO,NO,NO,NO,NO,NO,,,NO,,,,,,
OR,orbend001,orbendhs,LastName141,Name141,MiddleName141,,STUDENTTEST141,ASTUDENTTEST141,03,Male,NO,NO,NO,YES,NO,NO,NO,NO,NO,NO,NO,,,NO,,,,,,
OR,orbend001,orbendhs,LastName142,Name142,MiddleName142,,STUDENTTEST142,ASTUDENTTEST142,03,Male,NO,NO,NO,YES,NO,NO,NO,NO,NO,NO,NO,,,NO,,,,,,
OR,orbend001,orbendhs,LastName143,Name143,MiddleName143,,STUDENTTEST143,ASTUDENTTEST143,03,Male,NO,NO,YES,NO,NO,NO,NO,NO,NO,NO,NO,,,NO,,,,,,
OR,orbend001,orbendhs,LastName144,Name144,MiddleName144,,STUDENTTEST144,ASTUDENTTEST144,03,Female,YES,NO,NO,NO,NO,NO,NO,NO,NO,NO,NO,,,NO,,,,,,
OR,orbend001,orbendhs,LastName145,Name145,MiddleName145,,STUDENTTEST145,ASTUDENTTEST145,03,Male,NO,NO,YES,NO,NO,NO,NO,NO,NO,NO,NO,,,NO,,,,,,
OR,orbend001,orbendhs,LastName146,Name146,MiddleName146,,STUDENTTEST146,ASTUDENTTEST146,03,Male,YES,NO,NO,NO,NO,NO,NO,NO,NO,NO,NO,,,NO,,,,,,
OR,orbend001,orbendhs,LastName147,Name147,MiddleName147,,STUDENTTEST147,ASTUDENTTEST147,03,Female,NO,NO,NO,NO,NO,YES,NO,NO,NO,NO,NO,,,NO,,,,,,
OR,orbend001,orbendhs,LastName148,Name148,MiddleName148,,STUDENTTEST148,ASTUDENTTEST148,03,Female,YES,NO,NO,NO,NO,NO,NO,NO,NO,NO,NO,,,NO,,,,,,
OR,orbend001,orbendhs,LastName149,Name149,MiddleName149,,STUDENTTEST149,ASTUDENTTEST149,03,Male,NO,NO,NO,NO,NO,YES,NO,NO,NO,NO,NO,,,NO,,,,,,
OR,orbend001,orbendhs,LastName150,Name150,MiddleName150,,STUDENTTEST150,ASTUDENTTEST150,03,Male,NO,NO,YES,NO,NO,NO,NO,NO,NO,NO,NO,,,NO,,,,,,
OR,orbend001,orbendhs,LastName151,Name151,MiddleName151,,STUDENTTEST151,ASTUDENTTEST151,03,Female,NO,NO,YES,NO,NO,NO,NO,NO,NO,NO,NO,,,NO,,,,,,
OR,orbend001,orbendhs,LastName152,Name152,MiddleName152,,STUDENTTEST152,ASTUDENTTEST152,03,Female,NO,NO,NO,NO,YES,NO,NO,NO,NO,NO,NO,,,NO,,,,,,
OR,orbend001,orbendhs,LastName153,Name153,MiddleName153,,STUDENTTEST153,ASTUDENTTEST153,03,Female,YES,NO,NO,NO,NO,NO,NO,NO,NO,NO,NO,,,NO,,,,,,
OR,orbend001,orbendhs,LastName154,Name154,MiddleName154,,STUDENTTEST154,ASTUDENTTEST154,03,Male,NO,NO,NO,YES,NO,NO,NO,NO,NO,NO,NO,,,NO,,,,,,
OR,orbend001,orbendhs,LastName155,Name155,MiddleName155,,STUDENTTEST155,ASTUDENTTEST155,03,Male,YES,NO,NO,NO,NO,NO,NO,NO,NO,NO,NO,,,NO,,,,,,
OR,orbend001,orbendhs,LastName156,Name156,MiddleName156,,STUDENTTEST156,ASTUDENTTEST156,03,Male,NO,NO,NO,NO,NO,YES,NO,NO,NO,NO,NO,,,NO,,,,,,
OR,orbend001,orbendhs,LastName157,Name157,MiddleName157,,STUDENTTEST157,ASTUDENTTEST157,03,Male,NO,NO,NO,NO,YES,NO,NO,NO,NO,NO,NO,,,NO,,,,,,
OR,orbend001,orbendhs,LastName158,Name158,MiddleName158,,STUDENTTEST158,ASTUDENTTEST158,03,Female,NO,YES,NO,NO,NO,NO,NO,NO,NO,NO,NO,,,NO,,,,,,
OR,orbend001,orbendhs,LastName159,Name159,MiddleName159,,STUDENTTEST159,ASTUDENTTEST159,03,Male,NO,NO,NO,YES,NO,NO,NO,NO,NO,NO,NO,,,NO,,,,,,
OR,orbend001,orbendhs,LastName160,Name160,MiddleName160,,STUDENTTEST160,ASTUDENTTEST160,03,Female,NO,NO,YES,NO,NO,NO,NO,NO,NO,NO,NO,,,NO,,,,,,
OR,orbend001,orbendhs,LastName161,Name161,MiddleName161,,STUDENTTEST161,ASTUDENTTEST161,03,Male,NO,NO,NO,NO,YES,NO,NO,NO,NO,NO,NO,,,NO,,,,,,
OR,orbend001,orbendhs,LastName162,Name162,MiddleName162,,STUDENTTEST162,ASTUDENTTEST162,03,Female,NO,NO,NO,NO,NO,YES,NO,NO,NO,NO,NO,,,NO,,,,,,
OR,orbend001,orbendhs,LastName163,Name163,MiddleName163,,STUDENTTEST163,ASTUDENTTEST163,03,Female,NO,NO,NO,YES,NO,NO,NO,NO,NO,NO,NO,,,NO,,,,,,
OR,orbend001,orbendhs,LastName164,Name164,MiddleName164,,STUDENTTEST164,ASTUDENTTEST164,03,Female,YES,NO,NO,NO,NO,NO,NO,NO,NO,NO,NO,,,NO,,,,,,
OR,orbend001,orbendhs,LastName165,Name165,MiddleName165,,STUDENTTEST165,ASTUDENTTEST165,03,Female,NO,YES,NO,NO,NO,NO,NO,NO,NO,NO,NO,,,NO,,,,,,
OR,orbend001,orbendhs,LastName166,Name166,MiddleName166,,STUDENTTEST166,ASTUDENTTEST166,03,Female,NO,NO,NO,NO,NO,YES,NO,NO,NO,NO,NO,,,NO,,,,,,
OR,orbend001,orbendhs,LastName167,Name167,MiddleName167,,STUDENTTEST167,ASTUDENTTEST167,03,Female,YES,NO,NO,NO,NO,NO,NO,NO,NO,NO,NO,,,NO,,,,,,
OR,orbend001,orbendhs,LastName168,Name168,MiddleName168,,STUDENTTEST168,ASTUDENTTEST168,03,Female,NO,NO,NO,NO,YES,NO,NO,NO,NO,NO,NO,,,NO,,,,,,
OR,orbend001,orbendhs,LastName169,Name169,MiddleName169,,STUDENTTEST169,ASTUDENTTEST169,03,Male,NO,NO,NO,NO,YES,NO,NO,NO,NO,NO,NO,,,NO,,,,,,
OR,orbend001,orbendhs,LastName170,Name170,MiddleName170,,STUDENTTEST170,ASTUDENTTEST170,03,Female,NO,NO,NO,NO,YES,NO,NO,NO,NO,NO,NO,,,NO,,,,,,
OR,orbend001,orbendhs,LastName171,Name171,MiddleName171,,STUDENTTEST171,ASTUDENTTEST171,03,Female,NO,NO,YES,NO,NO,NO,NO,NO,NO,NO,NO,,,NO,,,,,,
OR,orbend001,orbendhs,LastName172,Name172,MiddleName172,,STUDENTTEST172,ASTUDENTTEST172,03,Female,NO,NO,NO,NO,NO,YES,NO,NO,NO,NO,NO,,,NO,,,,,,
OR,orbend001,orbendhs,LastName173,Name173,MiddleName173,,STUDENTTEST173,ASTUDENTTEST173,03,Female,NO,NO,YES,NO,NO,NO,NO,NO,NO,NO,NO,,,NO,,,,,,
OR,orbend001,orbendhs,LastName174,Name174,MiddleName174,,STUDENTTEST174,ASTUDENTTEST174,03,Male,NO,YES,NO,NO,NO,NO,NO,NO,NO,NO,NO,,,NO,,,,,,
OR,orbend001,orbendhs,LastName175,Name175,MiddleName175,,STUDENTTEST175,ASTUDENTTEST175,03,Male,NO,NO,YES,NO,NO,NO,NO,NO,NO,NO,NO,,,NO,,,,,,
OR,orbend001,orbendhs,LastName176,Name176,MiddleName176,,STUDENTTEST176,ASTUDENTTEST176,03,Female,NO,NO,NO,NO,NO,YES,NO,NO,NO,NO,NO,,,NO,,,,,,
OR,orbend001,orbendhs,LastName177,Name177,MiddleName177,,STUDENTTEST177,ASTUDENTTEST177,03,Female,NO,NO,NO,NO,NO,YES,NO,NO,NO,NO,NO,,,NO,,,,,,
OR,orbend001,orbendhs,LastName178,Name178,MiddleName178,,STUDENTTEST178,ASTUDENTTEST178,03,Female,NO,NO,NO,YES,NO,NO,NO,NO,NO,NO,NO,,,NO,,,,,,
OR,orbend001,orbendhs,LastName179,Name179,MiddleName179,,STUDENTTEST179,ASTUDENTTEST179,03,Male,NO,NO,NO,NO,YES,NO,NO,NO,NO,NO,NO,,,NO,,,,,,
OR,orbend001,orbendhs,LastName180,Name180,MiddleName180,,STUDENTTEST180,ASTUDENTTEST180,03,Female,NO,NO,NO,NO,NO,YES,NO,NO,NO,NO,NO,,,NO,,,,,,
OR,orbend001,orbendhs,LastName181,Name181,MiddleName181,,STUDENTTEST181,ASTUDENTTEST181,03,Female,NO,NO,NO,NO,NO,YES,NO,NO,NO,NO,NO,,,NO,,,,,,
OR,orbend001,orbendhs,LastName182,Name182,MiddleName182,,STUDENTTEST182,ASTUDENTTEST182,03,Female,NO,NO,NO,NO,YES,NO,NO,NO,NO,NO,NO,,,NO,,,,,,
OR,orbend001,orbendhs,LastName183,Name183,MiddleName183,,STUDENTTEST183,ASTUDENTTEST183,03,Female,NO,NO,NO,NO,YES,NO,NO,NO,NO,NO,NO,,,NO,,,,,,
OR,orbend001,orbendhs,LastName184,Name184,MiddleName184,,STUDENTTEST184,ASTUDENTTEST184,03,Male,NO,NO,YES,NO,NO,NO,NO,NO,NO,NO,NO,,,NO,,,,,,
OR,orbend001,orbendhs,LastName185,Name185,MiddleName185,,STUDENTTEST185,ASTUDENTTEST185,03,Male,YES,NO,NO,NO,NO,NO,NO,NO,NO,NO,NO,,,NO,,,,,,
OR,orbend001,orbendhs,LastName186,Name186,MiddleName186,,STUDENTTEST186,ASTUDENTTEST186,03,Female,NO,NO,NO,NO,NO,YES,NO,NO,NO,NO,NO,,,NO,,,,,,
OR,orbend001,orbendhs,LastName187,Name187,MiddleName187,,STUDENTTEST187,ASTUDENTTEST187,03,Male,NO,NO,NO,NO,YES,NO,NO,NO,NO,NO,NO,,,NO,,,,,,
OR,orbend001,orbendhs,LastName188,Name188,MiddleName188,,STUDENTTEST188,ASTUDENTTEST188,03,Male,NO,NO,YES,NO,NO,NO,NO,NO,NO,NO,NO,,,NO,,,,,,
OR,orbend001,orbendhs,LastName189,Name189,MiddleName189,,STUDENTTEST189,ASTUDENTTEST189,03,Female,NO,NO,YES,NO,NO,NO,NO,NO,NO,NO,NO,,,NO,,,,,,
OR,orbend001,orbendhs,LastName190,Name190,MiddleName190,,STUDENTTEST190,ASTUDENTTEST190,03,Female,YES,NO,NO,NO,NO,NO,NO,NO,NO,NO,NO,,,NO,,,,,,
OR,orbend001,orbendhs,LastName191,Name191,MiddleName191,,STUDENTTEST191,ASTUDENTTEST191,03,Male,NO,NO,NO,YES,NO,NO,NO,NO,NO,NO,NO,,,NO,,,,,,
OR,orbend001,orbendhs,LastName192,Name192,MiddleName192,,STUDENTTEST192,ASTUDENTTEST192,03,Male,NO,NO,YES,NO,NO,NO,NO,NO,NO,NO,NO,,,NO,,,,,,
OR,orbend001,orbendhs,LastName193,Name193,MiddleName193,,STUDENTTEST193,ASTUDENTTEST193,03,Female,NO,NO,NO,YES,NO,NO,NO,NO,NO,NO,NO,,,NO,,,,,,
OR,orbend001,orbendhs,LastName194,Name194,MiddleName194,,STUDENTTEST194,ASTUDENTTEST194,03,Female,YES,NO,NO,NO,NO,NO,NO,NO,NO,NO,NO,,,NO,,,,,,
OR,orbend001,orbendhs,LastName195,Name195,MiddleName195,,STUDENTTEST195,ASTUDENTTEST195,03,Male,NO,NO,NO,NO,YES,NO,NO,NO,NO,NO,NO,,,NO,,,,,,
OR,orbend001,orbendhs,LastName196,Name196,MiddleName196,,STUDENTTEST196,ASTUDENTTEST196,03,Female,NO,NO,YES,NO,NO,NO,NO,NO,NO,NO,NO,,,NO,,,,,,
OR,orbend001,orbendhs,LastName197,Name197,MiddleName197,,STUDENTTEST197,ASTUDENTTEST197,03,Female,NO,NO,NO,YES,NO,NO,NO,NO,NO,NO,NO,,,NO,,,,,,
OR,orbend001,orbendhs,LastName198,Name198,MiddleName198,,STUDENTTEST198,ASTUDENTTEST198,03,Female,NO,YES,NO,NO,NO,NO,NO,NO,NO,NO,NO,,,NO,,,,,,
OR,orbend001,orbendhs,LastName199,Name199,MiddleName199,,STUDENTTEST199,ASTUDENTTEST199,03,Male,NO,YES,NO,NO,NO,NO,NO,NO,NO,NO,NO,,,NO,,,,,,
OR,orbend001,orbendhs,LastName200,Name200,MiddleName200,,STUDENTTEST200,ASTUDENTTEST200,03,Female,NO,NO,NO,NO,YES,NO,NO,NO,NO,NO,NO,,,NO,,,,,,
OR,orbend001,orbendhs,LastName201,Name201,MiddleName201,,STUDENTTEST201,ASTUDENTTEST201,03,Female,NO,NO,NO,YES,NO,NO,NO,NO,NO,NO,NO,,,NO,,,,,,
OR,orbend001,orbendhs,LastName202,Name202,MiddleName202,,STUDENTTEST202,ASTUDENTTEST202,03,Female,NO,NO,YES,NO,NO,NO,NO,NO,NO,NO,NO,,,NO,,,,,,
OR,orbend001,orbendhs,LastName203,Name203,MiddleName203,,STUDENTTEST203,ASTUDENTTEST203,03,Male,NO,YES,NO,NO,NO,NO,NO,NO,NO,NO,NO,,,NO,,,,,,
OR,orbend001,orbendhs,LastName204,Name204,MiddleName204,,STUDENTTEST204,ASTUDENTTEST204,03,Female,NO,NO,NO,NO,NO,YES,NO,NO,NO,NO,NO,,,NO,,,,,,
OR,orbend001,orbendhs,LastName205,Name205,MiddleName205,,STUDENTTEST205,ASTUDENTTEST205,03,Male,NO,NO,NO,NO,YES,NO,NO,NO,NO,NO,NO,,,NO,,,,,,
OR,orbend001,orbendhs,LastName206,Name206,MiddleName206,,STUDENTTEST206,ASTUDENTTEST206,03,Female,NO,NO,NO,YES,NO,NO,NO,NO,NO,NO,NO,,,NO,,,,,,
OR,orbend001,orbendhs,LastName207,Name207,MiddleName207,,STUDENTTEST207,ASTUDENTTEST207,03,Male,NO,NO,NO,NO,NO,YES,NO,NO,NO,NO,NO,,,NO,,,,,,
OR,orbend001,orbendhs,LastName208,Name208,MiddleName208,,STUDENTTEST208,ASTUDENTTEST208,03,Male,NO,NO,NO,NO,NO,YES,NO,NO,NO,NO,NO,,,NO,,,,,,
OR,orbend001,orbendhs,LastName209,Name209,MiddleName209,,STUDENTTEST209,ASTUDENTTEST209,03,Male,NO,NO,NO,NO,YES,NO,NO,NO,NO,NO,NO,,,NO,,,,,,
OR,orbend001,orbendhs,LastName210,Name210,MiddleName210,,STUDENTTEST210,ASTUDENTTEST210,03,Male,NO,NO,NO,YES,NO,NO,NO,NO,NO,NO,NO,,,NO,,,,,,
OR,orbend001,orbendhs,LastName211,Name211,MiddleName211,,STUDENTTEST211,ASTUDENTTEST211,03,Male,YES,NO,NO,NO,NO,NO,NO,NO,NO,NO,NO,,,NO,,,,,,
OR,orbend001,orbendhs,LastName212,Name212,MiddleName212,,STUDENTTEST212,ASTUDENTTEST212,03,Female,NO,YES,NO,NO,NO,NO,NO,NO,NO,NO,NO,,,NO,,,,,,
OR,orbend001,orbendhs,LastName213,Name213,MiddleName213,,STUDENTTEST213,ASTUDENTTEST213,03,Female,NO,NO,YES,NO,NO,NO,NO,NO,NO,NO,NO,,,NO,,,,,,
OR,orbend001,orbendhs,LastName214,Name214,MiddleName214,,STUDENTTEST214,ASTUDENTTEST214,03,Male,NO,NO,NO,NO,YES,NO,NO,NO,NO,NO,NO,,,NO,,,,,,
OR,orbend001,orbendhs,LastName215,Name215,MiddleName215,,STUDENTTEST215,ASTUDENTTEST215,03,Female,YES,NO,NO,NO,NO,NO,NO,NO,NO,NO,NO,,,NO,,,,,,
OR,orbend001,orbendhs,LastName216,Name216,MiddleName216,,STUDENTTEST216,ASTUDENTTEST216,03,Male,NO,NO,YES,NO,NO,NO,NO,NO,NO,NO,NO,,,NO,,,,,,
OR,orbend001,orbendhs,LastName217,Name217,MiddleName217,,STUDENTTEST217,ASTUDENTTEST217,03,Female,NO,NO,NO,NO,YES,NO,NO,NO,NO,NO,NO,,,NO,,,,,,
OR,orbend001,orbendhs,LastName218,Name218,MiddleName218,,STUDENTTEST218,ASTUDENTTEST218,03,Female,YES,NO,NO,NO,NO,NO,NO,NO,NO,NO,NO,,,NO,,,,,,
OR,orbend001,orbendhs,LastName219,Name219,MiddleName219,,STUDENTTEST219,ASTUDENTTEST219,03,Male,NO,YES,NO,NO,NO,NO,NO,NO,NO,NO,NO,,,NO,,,,,,
OR,orbend001,orbendhs,LastName220,Name220,MiddleName220,,STUDENTTEST220,ASTUDENTTEST220,03,Male,NO,NO,NO,NO,YES,NO,NO,NO,NO,NO,NO,,,NO,,,,,,
OR,orbend001,orbendhs,LastName221,Name221,MiddleName221,,STUDENTTEST221,ASTUDENTTEST221,03,Female,NO,NO,NO,NO,NO,YES,NO,NO,NO,NO,NO,,,NO,,,,,,
OR,orbend001,orbendhs,LastName222,Name222,MiddleName222,,STUDENTTEST222,ASTUDENTTEST222,03,Male,NO,NO,NO,NO,NO,YES,NO,NO,NO,NO,NO,,,NO,,,,,,
OR,orbend001,orbendhs,LastName223,Name223,MiddleName223,,STUDENTTEST223,ASTUDENTTEST223,03,Male,NO,NO,NO,YES,NO,NO,NO,NO,NO,NO,NO,,,NO,,,,,,
OR,orbend001,orbendhs,LastName224,Name224,MiddleName224,,STUDENTTEST224,ASTUDENTTEST224,03,Male,NO,NO,NO,NO,NO,YES,NO,NO,NO,NO,NO,,,NO,,,,,,
OR,orbend001,orbendhs,LastName225,Name225,MiddleName225,,STUDENTTEST225,ASTUDENTTEST225,03,Male,NO,NO,NO,NO,NO,YES,NO,NO,NO,NO,NO,,,NO,,,,,,
OR,orbend001,orbendhs,LastName226,Name226,MiddleName226,,STUDENTTEST226,ASTUDENTTEST226,03,Male,NO,NO,YES,NO,NO,NO,NO,NO,NO,NO,NO,,,NO,,,,,,
OR,orbend001,orbendhs,LastName227,Name227,MiddleName227,,STUDENTTEST227,ASTUDENTTEST227,03,Male,NO,YES,NO,NO,NO,NO,NO,NO,NO,NO,NO,,,NO,,,,,,
OR,orbend001,orbendhs,LastName228,Name228,MiddleName228,,STUDENTTEST228,ASTUDENTTEST228,03,Female,NO,NO,YES,NO,NO,NO,NO,NO,NO,NO,NO,,,NO,,,,,,
OR,orbend001,orbendhs,LastName229,Name229,MiddleName229,,STUDENTTEST229,ASTUDENTTEST229,03,Male,NO,NO,NO,NO,YES,NO,NO,NO,NO,NO,NO,,,NO,,,,,,
OR,orbend001,orbendhs,LastName230,Name230,MiddleName230,,STUDENTTEST230,ASTUDENTTEST230,03,Male,NO,YES,NO,NO,NO,NO,NO,NO,NO,NO,NO,,,NO,,,,,,
OR,orbend001,orbendhs,LastName231,Name231,MiddleName231,,STUDENTTEST231,ASTUDENTTEST231,03,Male,NO,YES,NO,NO,NO,NO,NO,NO,NO,NO,NO,,,NO,,,,,,
OR,orbend001,orbendhs,LastName232,Name232,MiddleName232,,STUDENTTEST232,ASTUDENTTEST232,03,Male,NO,NO,NO,NO,NO,YES,NO,NO,NO,NO,NO,,,NO,,,,,,
OR,orbend001,orbendhs,LastName233,Name233,MiddleName233,,STUDENTTEST233,ASTUDENTTEST233,03,Female,NO,YES,NO,NO,NO,NO,NO,NO,NO,NO,NO,,,NO,,,,,,
OR,orbend001,orbendhs,LastName234,Name234,MiddleName234,,STUDENTTEST234,ASTUDENTTEST234,03,Male,NO,NO,NO,NO,YES,NO,NO,NO,NO,NO,NO,,,NO,,,,,,
OR,orbend001,orbendhs,LastName235,Name235,MiddleName235,,STUDENTTEST235,ASTUDENTTEST235,03,Male,NO,NO,NO,NO,NO,YES,NO,NO,NO,NO,NO,,,NO,,,,,,
OR,orbend001,orbendhs,LastName236,Name236,MiddleName236,,STUDENTTEST236,ASTUDENTTEST236,03,Male,NO,NO,YES,NO,NO,NO,NO,NO,NO,NO,NO,,,NO,,,,,,
OR,orbend001,orbendhs,LastName237,Name237,MiddleName237,,STUDENTTEST237,ASTUDENTTEST237,03,Male,NO,NO,YES,NO,NO,NO,NO,NO,NO,NO,NO,,,NO,,,,,,
OR,orbend001,orbendhs,LastName238,Name238,MiddleName238,,STUDENTTEST238,ASTUDENTTEST238,03,Male,NO,NO,YES,NO,NO,NO,NO,NO,NO,NO,NO,,,NO,,,,,,
OR,orbend001,orbendhs,LastName239,Name239,MiddleName239,,STUDENTTEST239,ASTUDENTTEST239,03,Male,NO,NO,NO,NO,NO,YES,NO,NO,NO,NO,NO,,,NO,,,,,,
OR,orbend001,orbendhs,LastName240,Name240,MiddleName240,,STUDENTTEST240,ASTUDENTTEST240,03,Female,NO,NO,NO,YES,NO,NO,NO,NO,NO,NO,NO,,,NO,,,,,,
OR,orbend001,orbendhs,LastName241,Name241,MiddleName241,,STUDENTTEST241,ASTUDENTTEST241,03,Male,NO,YES,NO,NO,NO,NO,NO,NO,NO,NO,NO,,,NO,,,,,,
OR,orbend001,orbendhs,LastName242,Name242,MiddleName242,,STUDENTTEST242,ASTUDENTTEST242,03,Male,YES,NO,NO,NO,NO,NO,NO,NO,NO,NO,NO,,,NO,,,,,,
OR,orbend001,orbendhs,LastName243,Name243,MiddleName243,,STUDENTTEST243,ASTUDENTTEST243,03,Male,NO,YES,NO,NO,NO,NO,NO,NO,NO,NO,NO,,,NO,,,,,,
OR,orbend001,orbendhs,LastName244,Name244,MiddleName244,,STUDENTTEST244,ASTUDENTTEST244,03,Female,NO,NO,YES,NO,NO,NO,NO,NO,NO,NO,NO,,,NO,,,,,,
OR,orbend001,orbendhs,LastName245,Name245,MiddleName245,,STUDENTTEST245,ASTUDENTTEST245,03,Female,NO,NO,NO,NO,YES,NO,NO,NO,NO,NO,NO,,,NO,,,,,,
OR,orbend001,orbendhs,LastName246,Name246,MiddleName246,,STUDENTTEST246,ASTUDENTTEST246,03,Female,NO,NO,NO,NO,YES,NO,NO,NO,NO,NO,NO,,,NO,,,,,,
OR,orbend001,orbendhs,LastName247,Name247,MiddleName247,,STUDENTTEST247,ASTUDENTTEST247,03,Male,NO,NO,NO,YES,NO,NO,NO,NO,NO,NO,NO,,,NO,,,,,,
OR,orbend001,orbendhs,LastName248,Name248,MiddleName248,,STUDENTTEST248,ASTUDENTTEST248,03,Female,NO,NO,NO,NO,YES,NO,NO,NO,NO,NO,NO,,,NO,,,,,,
OR,orbend001,orbendhs,LastName249,Name249,MiddleName249,,STUDENTTEST249,ASTUDENTTEST249,03,Male,YES,NO,NO,NO,NO,NO,NO,NO,NO,NO,NO,,,NO,,,,,,
OR,orbend001,orbendhs,LastName250,Name250,MiddleName250,,STUDENTTEST250,ASTUDENTTEST250,03,Male,NO,NO,NO,NO,NO,YES,NO,NO,NO,NO,NO,,,NO,,,,,,
OR,orbend001,orbendhs,LastName251,Name251,MiddleName251,,STUDENTTEST251,ASTUDENTTEST251,03,Female,NO,YES,NO,NO,NO,NO,NO,NO,NO,NO,NO,,,NO,,,,,,
OR,orbend001,orbendhs,LastName252,Name252,MiddleName252,,STUDENTTEST252,ASTUDENTTEST252,03,Female,YES,NO,NO,NO,NO,NO,NO,NO,NO,NO,NO,,,NO,,,,,,
OR,orbend001,orbendhs,LastName253,Name253,MiddleName253,,STUDENTTEST253,ASTUDENTTEST253,03,Male,YES,NO,NO,NO,NO,NO,NO,NO,NO,NO,NO,,,NO,,,,,,
OR,orbend001,orbendhs,LastName254,Name254,MiddleName254,,STUDENTTEST254,ASTUDENTTEST254,03,Female,NO,NO,NO,NO,YES,NO,NO,NO,NO,NO,NO,,,NO,,,,,,
OR,orbend001,orbendhs,LastName255,Name255,MiddleName255,,STUDENTTEST255,ASTUDENTTEST255,03,Male,NO,NO,NO,NO,YES,NO,NO,NO,NO,NO,NO,,,NO,,,,,,
OR,orbend001,orbendhs,LastName256,Name256,MiddleName256,,STUDENTTEST256,ASTUDENTTEST256,03,Male,YES,NO,NO,NO,NO,NO,NO,NO,NO,NO,NO,,,NO,,,,,,
OR,orbend001,orbendhs,LastName257,Name257,MiddleName257,,STUDENTTEST257,ASTUDENTTEST257,03,Female,NO,NO,YES,NO,NO,NO,NO,NO,NO,NO,NO,,,NO,,,,,,
OR,orbend001,orbendhs,LastName258,Name258,MiddleName258,,STUDENTTEST258,ASTUDENTTEST258,03,Female,NO,NO,NO,NO,YES,NO,NO,NO,NO,NO,NO,,,NO,,,,,,
OR,orbend001,orbendhs,LastName259,Name259,MiddleName259,,STUDENTTEST259,ASTUDENTTEST259,03,Female,YES,NO,NO,NO,NO,NO,NO,NO,NO,NO,NO,,,NO,,,,,,
OR,orbend001,orbendhs,LastName260,Name260,MiddleName260,,STUDENTTEST260,ASTUDENTTEST260,03,Male,NO,NO,NO,NO,NO,YES,NO,NO,NO,NO,NO,,,NO,,,,,,
OR,orbend001,orbendhs,LastName261,Name261,MiddleName261,,STUDENTTEST261,ASTUDENTTEST261,03,Female,NO,NO,NO,NO,NO,YES,NO,NO,NO,NO,NO,,,NO,,,,,,
OR,orbend001,orbendhs,LastName262,Name262,MiddleName262,,STUDENTTEST262,ASTUDENTTEST262,03,Female,NO,NO,NO,NO,NO,YES,NO,NO,NO,NO,NO,,,NO,,,,,,
OR,orbend001,orbendhs,LastName263,Name263,MiddleName263,,STUDENTTEST263,ASTUDENTTEST263,03,Female,NO,NO,YES,NO,NO,NO,NO,NO,NO,NO,NO,,,NO,,,,,,
OR,orbend001,orbendhs,LastName264,Name264,MiddleName264,,STUDENTTEST264,ASTUDENTTEST264,03,Female,YES,NO,NO,NO,NO,NO,NO,NO,NO,NO,NO,,,NO,,,,,,
OR,orbend001,orbendhs,LastName265,Name265,MiddleName265,,STUDENTTEST265,ASTUDENTTEST265,03,Male,NO,NO,YES,NO,NO,NO,NO,NO,NO,NO,NO,,,NO,,,,,,
OR,orbend001,orbendhs,LastName266,Name266,MiddleName266,,STUDENTTEST266,ASTUDENTTEST266,03,Female,NO,NO,YES,NO,NO,NO,NO,NO,NO,NO,NO,,,NO,,,,,,
OR,orbend001,orbendhs,LastName267,Name267,MiddleName267,,STUDENTTEST267,ASTUDENTTEST267,03,Female,NO,NO,NO,NO,YES,NO,NO,NO,NO,NO,NO,,,NO,,,,,,
OR,orbend001,orbendhs,LastName268,Name268,MiddleName268,,STUDENTTEST268,ASTUDENTTEST268,03,Female,NO,NO,YES,NO,NO,NO,NO,NO,NO,NO,NO,,,NO,,,,,,
OR,orbend001,orbendhs,LastName269,Name269,MiddleName269,,STUDENTTEST269,ASTUDENTTEST269,03,Female,NO,NO,NO,NO,NO,YES,NO,NO,NO,NO,NO,,,NO,,,,,,
OR,orbend001,orbendhs,LastName270,Name270,MiddleName270,,STUDENTTEST270,ASTUDENTTEST270,03,Male,YES,NO,NO,NO,NO,NO,NO,NO,NO,NO,NO,,,NO,,,,,,
OR,orbend001,orbendhs,LastName271,Name271,MiddleName271,,STUDENTTEST271,ASTUDENTTEST271,03,Male,NO,NO,NO,NO,NO,YES,NO,NO,NO,NO,NO,,,NO,,,,,,
OR,orbend001,orbendhs,LastName272,Name272,MiddleName272,,STUDENTTEST272,ASTUDENTTEST272,03,Female,NO,YES,NO,NO,NO,NO,NO,NO,NO,NO,NO,,,NO,,,,,,
OR,orbend001,orbendhs,LastName273,Name273,MiddleName273,,STUDENTTEST273,ASTUDENTTEST273,03,Male,NO,NO,YES,NO,NO,NO,NO,NO,NO,NO,NO,,,NO,,,,,,
OR,orbend001,orbendhs,LastName274,Name274,MiddleName274,,STUDENTTEST274,ASTUDENTTEST274,03,Male,NO,NO,NO,YES,NO,NO,NO,NO,NO,NO,NO,,,NO,,,,,,
OR,orbend001,orbendhs,LastName275,Name275,MiddleName275,,STUDENTTEST275,ASTUDENTTEST275,03,Male,YES,NO,NO,NO,NO,NO,NO,NO,NO,NO,NO,,,NO,,,,,,
OR,orbend001,orbendhs,LastName276,Name276,MiddleName276,,STUDENTTEST276,ASTUDENTTEST276,03,Male,YES,NO,NO,NO,NO,NO,NO,NO,NO,NO,NO,,,NO,,,,,,
OR,orbend001,orbendhs,LastName277,Name277,MiddleName277,,STUDENTTEST277,ASTUDENTTEST277,03,Male,NO,NO,NO,YES,NO,NO,NO,NO,NO,NO,NO,,,NO,,,,,,
OR,orbend001,orbendhs,LastName278,Name278,MiddleName278,,STUDENTTEST278,ASTUDENTTEST278,03,Male,NO,YES,NO,NO,NO,NO,NO,NO,NO,NO,NO,,,NO,,,,,,
OR,orbend001,orbendhs,LastName279,Name279,MiddleName279,,STUDENTTEST279,ASTUDENTTEST279,03,Male,YES,NO,NO,NO,NO,NO,NO,NO,NO,NO,NO,,,NO,,,,,,
OR,orbend001,orbendhs,LastName280,Name280,MiddleName280,,STUDENTTEST280,ASTUDENTTEST280,03,Male,NO,NO,NO,YES,NO,NO,NO,NO,NO,NO,NO,,,NO,,,,,,
OR,orbend001,orbendhs,LastName281,Name281,MiddleName281,,STUDENTTEST281,ASTUDENTTEST281,03,Male,NO,NO,NO,YES,NO,NO,NO,NO,NO,NO,NO,,,NO,,,,,,
OR,orbend001,orbendhs,LastName282,Name282,MiddleName282,,STUDENTTEST282,ASTUDENTTEST282,03,Male,YES,NO,NO,NO,NO,NO,NO,NO,NO,NO,NO,,,NO,,,,,,
OR,orbend001,orbendhs,LastName283,Name283,MiddleName283,,STUDENTTEST283,ASTUDENTTEST283,03,Male,NO,NO,YES,NO,NO,NO,NO,NO,NO,NO,NO,,,NO,,,,,,
OR,orbend001,orbendhs,LastName284,Name284,MiddleName284,,STUDENTTEST284,ASTUDENTTEST284,03,Female,NO,NO,NO,YES,NO,NO,NO,NO,NO,NO,NO,,,NO,,,,,,
OR,orbend001,orbendhs,LastName285,Name285,MiddleName285,,STUDENTTEST285,ASTUDENTTEST285,03,Female,NO,YES,NO,NO,NO,NO,NO,NO,NO,NO,NO,,,NO,,,,,,
OR,orbend001,orbendhs,LastName286,Name286,MiddleName286,,STUDENTTEST286,ASTUDENTTEST286,03,Male,NO,NO,NO,NO,YES,NO,NO,NO,NO,NO,NO,,,NO,,,,,,
OR,orbend001,orbendhs,LastName287,Name287,MiddleName287,,STUDENTTEST287,ASTUDENTTEST287,03,Female,NO,YES,NO,NO,NO,NO,NO,NO,NO,NO,NO,,,NO,,,,,,
OR,orbend001,orbendhs,LastName288,Name288,MiddleName288,,STUDENTTEST288,ASTUDENTTEST288,03,Female,NO,NO,YES,NO,NO,NO,NO,NO,NO,NO,NO,,,NO,,,,,,
OR,orbend001,orbendhs,LastName289,Name289,MiddleName289,,STUDENTTEST289,ASTUDENTTEST289,03,Male,NO,NO,NO,YES,NO,NO,NO,NO,NO,NO,NO,,,NO,,,,,,
OR,orbend001,orbendhs,LastName290,Name290,MiddleName290,,STUDENTTEST290,ASTUDENTTEST290,03,Male,NO,NO,NO,YES,NO,NO,NO,NO,NO,NO,NO,,,NO,,,,,,
OR,orbend001,orbendhs,LastName291,Name291,MiddleName291,,STUDENTTEST291,ASTUDENTTEST291,03,Female,NO,NO,NO,YES,NO,NO,NO,NO,NO,NO,NO,,,NO,,,,,,
OR,orbend001,orbendhs,LastName292,Name292,MiddleName292,,STUDENTTEST292,ASTUDENTTEST292,03,Male,NO,NO,NO,NO,YES,NO,NO,NO,NO,NO,NO,,,NO,,,,,,
OR,orbend001,orbendhs,LastName293,Name293,MiddleName293,,STUDENTTEST293,ASTUDENTTEST293,03,Female,NO,NO,YES,NO,NO,NO,NO,NO,NO,NO,NO,,,NO,,,,,,
OR,orbend001,orbendhs,LastName294,Name294,MiddleName294,,STUDENTTEST294,ASTUDENTTEST294,03,Male,NO,YES,NO,NO,NO,NO,NO,NO,NO,NO,NO,,,NO,,,,,,
OR,orbend001,orbendhs,LastName295,Name295,MiddleName295,,STUDENTTEST295,ASTUDENTTEST295,03,Female,NO,NO,NO,NO,YES,NO,NO,NO,NO,NO,NO,,,NO,,,,,,
OR,orbend001,orbendhs,LastName296,Name296,MiddleName296,,STUDENTTEST296,ASTUDENTTEST296,03,Female,NO,NO,YES,NO,NO,NO,NO,NO,NO,NO,NO,,,NO,,,,,,
OR,orbend001,orbendhs,LastName297,Name297,MiddleName297,,STUDENTTEST297,ASTUDENTTEST297,03,Female,NO,NO,NO,YES,NO,NO,NO,NO,NO,NO,NO,,,NO,,,,,,
OR,orbend001,orbendhs,LastName298,Name298,MiddleName298,,STUDENTTEST298,ASTUDENTTEST298,03,Female,NO,YES,NO,NO,NO,NO,NO,NO,NO,NO,NO,,,NO,,,,,,
OR,orbend001,orbendhs,LastName299,Name299,MiddleName299,,STUDENTTEST299,ASTUDENTTEST299,03,Female,NO,NO,NO,NO,NO,YES,NO,NO,NO,NO,NO,,,NO,,,,,,
OR,orbend001,orbendhs,LastName300,Name300,MiddleName300,,STUDENTTEST300,ASTUDENTTEST300,03,Female,NO,NO,YES,NO,NO,NO,NO,NO,NO,NO,NO,,,NO,,,,,,
OR,orbend001,orbendhs,LastName301,Name301,MiddleName301,,STUDENTTEST301,ASTUDENTTEST301,03,Male,NO,NO,NO,NO,NO,YES,NO,NO,NO,NO,NO,,,NO,,,,,,
OR,orbend001,orbendhs,LastName302,Name302,MiddleName302,,STUDENTTEST302,ASTUDENTTEST302,03,Male,NO,NO,NO,YES,NO,NO,NO,NO,NO,NO,NO,,,NO,,,,,,
OR,orbend001,orbendhs,LastName303,Name303,MiddleName303,,STUDENTTEST303,ASTUDENTTEST303,03,Male,NO,NO,NO,NO,NO,YES,NO,NO,NO,NO,NO,,,NO,,,,,,
OR,orbend001,orbendhs,LastName304,Name304,MiddleName304,,STUDENTTEST304,ASTUDENTTEST304,03,Female,YES,NO,NO,NO,NO,NO,NO,NO,NO,NO,NO,,,NO,,,,,,
OR,orbend001,orbendhs,LastName305,Name305,MiddleName305,,STUDENTTEST305,ASTUDENTTEST305,03,Female,NO,NO,NO,NO,NO,YES,NO,NO,NO,NO,NO,,,NO,,,,,,
OR,orbend001,orbendhs,LastName306,Name306,MiddleName306,,STUDENTTEST306,ASTUDENTTEST306,03,Male,NO,NO,NO,YES,NO,NO,NO,NO,NO,NO,NO,,,NO,,,,,,
OR,orbend001,orbendhs,LastName307,Name307,MiddleName307,,STUDENTTEST307,ASTUDENTTEST307,03,Male,NO,YES,NO,NO,NO,NO,NO,NO,NO,NO,NO,,,NO,,,,,,
OR,orbend001,orbendhs,LastName308,Name308,MiddleName308,,STUDENTTEST308,ASTUDENTTEST308,03,Male,NO,NO,NO,NO,NO,YES,NO,NO,NO,NO,NO,,,NO,,,,,,
OR,orbend001,orbendhs,LastName309,Name309,MiddleName309,,STUDENTTEST309,ASTUDENTTEST309,03,Male,NO,NO,NO,YES,NO,NO,NO,NO,NO,NO,NO,,,NO,,,,,,
OR,orbend001,orbendhs,LastName310,Name310,MiddleName310,,STUDENTTEST310,ASTUDENTTEST310,03,Male,NO,YES,NO,NO,NO,NO,NO,NO,NO,NO,NO,,,NO,,,,,,
OR,orbend001,orbendhs,LastName311,Name311,MiddleName311,,STUDENTTEST311,ASTUDENTTEST311,03,Female,NO,NO,NO,NO,NO,YES,NO,NO,NO,NO,NO,,,NO,,,,,,
OR,orbend001,orbendhs,LastName312,Name312,MiddleName312,,STUDENTTEST312,ASTUDENTTEST312,03,Male,NO,NO,NO,NO,YES,NO,NO,NO,NO,NO,NO,,,NO,,,,,,
OR,orbend001,orbendhs,LastName313,Name313,MiddleName313,,STUDENTTEST313,ASTUDENTTEST313,03,Female,NO,NO,NO,NO,YES,NO,NO,NO,NO,NO,NO,,,NO,,,,,,
OR,orbend001,orbendhs,LastName314,Name314,MiddleName314,,STUDENTTEST314,ASTUDENTTEST314,03,Male,NO,NO,YES,NO,NO,NO,NO,NO,NO,NO,NO,,,NO,,,,,,
OR,orbend001,orbendhs,LastName315,Name315,MiddleName315,,STUDENTTEST315,ASTUDENTTEST315,03,Female,NO,NO,YES,NO,NO,NO,NO,NO,NO,NO,NO,,,NO,,,,,,
OR,orbend001,orbendhs,LastName316,Name316,MiddleName316,,STUDENTTEST316,ASTUDENTTEST316,03,Female,NO,NO,YES,NO,NO,NO,NO,NO,NO,NO,NO,,,NO,,,,,,
OR,orbend001,orbendhs,LastName317,Name317,MiddleName317,,STUDENTTEST317,ASTUDENTTEST317,03,Male,NO,YES,NO,NO,NO,NO,NO,NO,NO,NO,NO,,,NO,,,,,,
OR,orbend001,orbendhs,LastName318,Name318,MiddleName318,,STUDENTTEST318,ASTUDENTTEST318,03,Male,YES,NO,NO,NO,NO,NO,NO,NO,NO,NO,NO,,,NO,,,,,,
OR,orbend001,orbendhs,LastName319,Name319,MiddleName319,,STUDENTTEST319,ASTUDENTTEST319,03,Male,YES,NO,NO,NO,NO,NO,NO,NO,NO,NO,NO,,,NO,,,,,,
OR,orbend001,orbendhs,LastName320,Name320,MiddleName320,,STUDENTTEST320,ASTUDENTTEST320,03,Female,NO,NO,NO,YES,NO,NO,NO,NO,NO,NO,NO,,,NO,,,,,,
OR,orbend001,orbendhs,LastName321,Name321,MiddleName321,,STUDENTTEST321,ASTUDENTTEST321,03,Male,YES,NO,NO,NO,NO,NO,NO,NO,NO,NO,NO,,,NO,,,,,,
OR,orbend001,orbendhs,LastName322,Name322,MiddleName322,,STUDENTTEST322,ASTUDENTTEST322,03,Female,NO,NO,YES,NO,NO,NO,NO,NO,NO,NO,NO,,,NO,,,,,,
OR,orbend001,orbendhs,LastName323,Name323,MiddleName323,,STUDENTTEST323,ASTUDENTTEST323,03,Male,NO,NO,YES,NO,NO,NO,NO,NO,NO,NO,NO,,,NO,,,,,,
OR,orbend001,orbendhs,LastName324,Name324,MiddleName324,,STUDENTTEST324,ASTUDENTTEST324,03,Male,YES,NO,NO,NO,NO,NO,NO,NO,NO,NO,NO,,,NO,,,,,,
OR,orbend001,orbendhs,LastName325,Name325,MiddleName325,,STUDENTTEST325,ASTUDENTTEST325,03,Female,NO,YES,NO,NO,NO,NO,NO,NO,NO,NO,NO,,,NO,,,,,,
OR,orbend001,orbendhs,LastName326,Name326,MiddleName326,,STUDENTTEST326,ASTUDENTTEST326,03,Female,YES,NO,NO,NO,NO,NO,NO,NO,NO,NO,NO,,,NO,,,,,,
OR,orbend001,orbendhs,LastName327,Name327,MiddleName327,,STUDENTTEST327,ASTUDENTTEST327,03,Male,NO,YES,NO,NO,NO,NO,NO,NO,NO,NO,NO,,,NO,,,,,,
OR,orbend001,orbendhs,LastName328,Name328,MiddleName328,,STUDENTTEST328,ASTUDENTTEST328,03,Female,NO,NO,NO,NO,YES,NO,NO,NO,NO,NO,NO,,,NO,,,,,,
OR,orbend001,orbendhs,LastName329,Name329,MiddleName329,,STUDENTTEST329,ASTUDENTTEST329,03,Male,NO,NO,NO,NO,YES,NO,NO,NO,NO,NO,NO,,,NO,,,,,,
OR,orbend001,orbendhs,LastName330,Name330,MiddleName330,,STUDENTTEST330,ASTUDENTTEST330,03,Male,NO,NO,YES,NO,NO,NO,NO,NO,NO,NO,NO,,,NO,,,,,,
OR,orbend001,orbendhs,LastName331,Name331,MiddleName331,,STUDENTTEST331,ASTUDENTTEST331,03,Female,NO,NO,NO,NO,NO,YES,NO,NO,NO,NO,NO,,,NO,,,,,,
OR,orbend001,orbendhs,LastName332,Name332,MiddleName332,,STUDENTTEST332,ASTUDENTTEST332,03,Male,NO,NO,NO,NO,YES,NO,NO,NO,NO,NO,NO,,,NO,,,,,,
OR,orbend001,orbendhs,LastName333,Name333,MiddleName333,,STUDENTTEST333,ASTUDENTTEST333,03,Female,NO,NO,NO,YES,NO,NO,NO,NO,NO,NO,NO,,,NO,,,,,,
OR,orbend001,orbendhs,LastName334,Name334,MiddleName334,,STUDENTTEST334,ASTUDENTTEST334,03,Female,NO,NO,NO,YES,NO,NO,NO,NO,NO,NO,NO,,,NO,,,,,,
OR,orbend001,orbendhs,LastName335,Name335,MiddleName335,,STUDENTTEST335,ASTUDENTTEST335,03,Male,NO,YES,NO,NO,NO,NO,NO,NO,NO,NO,NO,,,NO,,,,,,
OR,orbend001,orbendhs,LastName336,Name336,MiddleName336,,STUDENTTEST336,ASTUDENTTEST336,03,Male,NO,NO,YES,NO,NO,NO,NO,NO,NO,NO,NO,,,NO,,,,,,
OR,orbend001,orbendhs,LastName337,Name337,MiddleName337,,STUDENTTEST337,ASTUDENTTEST337,03,Male,NO,NO,NO,NO,NO,YES,NO,NO,NO,NO,NO,,,NO,,,,,,
OR,orbend001,orbendhs,LastName338,Name338,MiddleName338,,STUDENTTEST338,ASTUDENTTEST338,03,Female,NO,NO,NO,NO,YES,NO,NO,NO,NO,NO,NO,,,NO,,,,,,
OR,orbend001,orbendhs,LastName339,Name339,MiddleName339,,STUDENTTEST339,ASTUDENTTEST339,03,Male,NO,NO,NO,YES,NO,NO,NO,NO,NO,NO,NO,,,NO,,,,,,
OR,orbend001,orbendhs,LastName340,Name340,MiddleName340,,STUDENTTEST340,ASTUDENTTEST340,03,Female,NO,NO,NO,NO,NO,YES,NO,NO,NO,NO,NO,,,NO,,,,,,
OR,orbend001,orbendhs,LastName341,Name341,MiddleName341,,STUDENTTEST341,ASTUDENTTEST341,03,Female,NO,NO,NO,NO,NO,YES,NO,NO,NO,NO,NO,,,NO,,,,,,
OR,orbend001,orbendhs,LastName342,Name342,MiddleName342,,STUDENTTEST342,ASTUDENTTEST342,03,Male,NO,NO,NO,YES,NO,NO,NO,NO,NO,NO,NO,,,NO,,,,,,
OR,orbend001,orbendhs,LastName343,Name343,MiddleName343,,STUDENTTEST343,ASTUDENTTEST343,03,Male,NO,NO,YES,NO,NO,NO,NO,NO,NO,NO,NO,,,NO,,,,,,
OR,orbend001,orbendhs,LastName344,Name344,MiddleName344,,STUDENTTEST344,ASTUDENTTEST344,03,Female,NO,NO,NO,NO,YES,NO,NO,NO,NO,NO,NO,,,NO,,,,,,
OR,orbend001,orbendhs,LastName345,Name345,MiddleName345,,STUDENTTEST345,ASTUDENTTEST345,03,Male,NO,YES,NO,NO,NO,NO,NO,NO,NO,NO,NO,,,NO,,,,,,
OR,orbend001,orbendhs,LastName346,Name346,MiddleName346,,STUDENTTEST346,ASTUDENTTEST346,03,Female,NO,YES,NO,NO,NO,NO,NO,NO,NO,NO,NO,,,NO,,,,,,
OR,orbend001,orbendhs,LastName347,Name347,MiddleName347,,STUDENTTEST347,ASTUDENTTEST347,03,Male,NO,YES,NO,NO,NO,NO,NO,NO,NO,NO,NO,,,NO,,,,,,
OR,orbend001,orbendhs,LastName348,Name348,MiddleName348,,STUDENTTEST348,ASTUDENTTEST348,03,Male,NO,YES,NO,NO,NO,NO,NO,NO,NO,NO,NO,,,NO,,,,,,
OR,orbend001,orbendhs,LastName349,Name349,MiddleName349,,STUDENTTEST349,ASTUDENTTEST349,03,Male,YES,NO,NO,NO,NO,NO,NO,NO,NO,NO,NO,,,NO,,,,,,
OR,orbend001,orbendhs,LastName350,Name350,MiddleName350,,STUDENTTEST350,ASTUDENTTEST350,03,Male,YES,NO,NO,NO,NO,NO,NO,NO,NO,NO,NO,,,NO,,,,,,
OR,orbend001,orbendhs,LastName351,Name351,MiddleName351,,STUDENTTEST351,ASTUDENTTEST351,03,Female,NO,NO,YES,NO,NO,NO,NO,NO,NO,NO,NO,,,NO,,,,,,
OR,orbend001,orbendhs,LastName352,Name352,MiddleName352,,STUDENTTEST352,ASTUDENTTEST352,03,Female,NO,NO,NO,NO,YES,NO,NO,NO,NO,NO,NO,,,NO,,,,,,
OR,orbend001,orbendhs,LastName353,Name353,MiddleName353,,STUDENTTEST353,ASTUDENTTEST353,03,Female,NO,NO,NO,YES,NO,NO,NO,NO,NO,NO,NO,,,NO,,,,,,
OR,orbend001,orbendhs,LastName354,Name354,MiddleName354,,STUDENTTEST354,ASTUDENTTEST354,03,Female,NO,NO,NO,NO,YES,NO,NO,NO,NO,NO,NO,,,NO,,,,,,
OR,orbend001,orbendhs,LastName355,Name355,MiddleName355,,STUDENTTEST355,ASTUDENTTEST355,03,Female,NO,NO,NO,NO,NO,YES,NO,NO,NO,NO,NO,,,NO,,,,,,
OR,orbend001,orbendhs,LastName356,Name356,MiddleName356,,STUDENTTEST356,ASTUDENTTEST356,03,Female,NO,NO,NO,YES,NO,NO,NO,NO,NO,NO,NO,,,NO,,,,,,
OR,orbend001,orbendhs,LastName357,Name357,MiddleName357,,STUDENTTEST357,ASTUDENTTEST357,03,Male,NO,NO,NO,NO,YES,NO,NO,NO,NO,NO,NO,,,NO,,,,,,
OR,orbend001,orbendhs,LastName358,Name358,MiddleName358,,STUDENTTEST358,ASTUDENTTEST358,03,Female,NO,NO,YES,NO,NO,NO,NO,NO,NO,NO,NO,,,NO,,,,,,
OR,orbend001,orbendhs,LastName359,Name359,MiddleName359,,STUDENTTEST359,ASTUDENTTEST359,03,Male,NO,NO,NO,NO,NO,YES,NO,NO,NO,NO,NO,,,NO,,,,,,
OR,orbend001,orbendhs,LastName360,Name360,MiddleName360,,STUDENTTEST360,ASTUDENTTEST360,03,Male,NO,NO,NO,YES,NO,NO,NO,NO,NO,NO,NO,,,NO,,,,,,
OR,orbend001,orbendhs,LastName361,Name361,MiddleName361,,STUDENTTEST361,ASTUDENTTEST361,03,Female,NO,NO,NO,NO,YES,NO,NO,NO,NO,NO,NO,,,NO,,,,,,
OR,orbend001,orbendhs,LastName362,Name362,MiddleName362,,STUDENTTEST362,ASTUDENTTEST362,03,Male,NO,NO,YES,NO,NO,NO,NO,NO,NO,NO,NO,,,NO,,,,,,
OR,orbend001,orbendhs,LastName363,Name363,MiddleName363,,STUDENTTEST363,ASTUDENTTEST363,03,Male,NO,NO,NO,NO,NO,YES,NO,NO,NO,NO,NO,,,NO,,,,,,
OR,orbend001,orbendhs,LastName364,Name364,MiddleName364,,STUDENTTEST364,ASTUDENTTEST364,03,Male,NO,NO,NO,YES,NO,NO,NO,NO,NO,NO,NO,,,NO,,,,,,
OR,orbend001,orbendhs,LastName365,Name365,MiddleName365,,STUDENTTEST365,ASTUDENTTEST365,03,Female,YES,NO,NO,NO,NO,NO,NO,NO,NO,NO,NO,,,NO,,,,,,
OR,orbend001,orbendhs,LastName366,Name366,MiddleName366,,STUDENTTEST366,ASTUDENTTEST366,03,Female,NO,NO,YES,NO,NO,NO,NO,NO,NO,NO,NO,,,NO,,,,,,
OR,orbend001,orbendhs,LastName367,Name367,MiddleName367,,STUDENTTEST367,ASTUDENTTEST367,03,Male,NO,NO,NO,NO,YES,NO,NO,NO,NO,NO,NO,,,NO,,,,,,
OR,orbend001,orbendhs,LastName368,Name368,MiddleName368,,STUDENTTEST368,ASTUDENTTEST368,03,Female,NO,YES,NO,NO,NO,NO,NO,NO,NO,NO,NO,,,NO,,,,,,
OR,orbend001,orbendhs,LastName369,Name369,MiddleName369,,STUDENTTEST369,ASTUDENTTEST369,03,Female,NO,NO,NO,NO,YES,NO,NO,NO,NO,NO,NO,,,NO,,,,,,
OR,orbend001,orbendhs,LastName370,Name370,MiddleName370,,STUDENTTEST370,ASTUDENTTEST370,03,Female,NO,NO,NO,NO,NO,YES,NO,NO,NO,NO,NO,,,NO,,,,,,
OR,orbend001,orbendhs,LastName371,Name371,MiddleName371,,STUDENTTEST371,ASTUDENTTEST371,03,Female,NO,NO,NO,NO,NO,YES,NO,NO,NO,NO,NO,,,NO,,,,,,
OR,orbend001,orbendhs,LastName372,Name372,MiddleName372,,STUDENTTEST372,ASTUDENTTEST372,03,Female,NO,YES,NO,NO,NO,NO,NO,NO,NO,NO,NO,,,NO,,,,,,
OR,orbend001,orbendhs,LastName373,Name373,MiddleName373,,STUDENTTEST373,ASTUDENTTEST373,03,Male,YES,NO,NO,NO,NO,NO,NO,NO,NO,NO,NO,,,NO,,,,,,
OR,orbend001,orbendhs,LastName374,Name374,MiddleName374,,STUDENTTEST374,ASTUDENTTEST374,03,Female,YES,NO,NO,NO,NO,NO,NO,NO,NO,NO,NO,,,NO,,,,,,
OR,orbend001,orbendhs,LastName375,Name375,MiddleName375,,STUDENTTEST375,ASTUDENTTEST375,03,Male,NO,NO,YES,NO,NO,NO,NO,NO,NO,NO,NO,,,NO,,,,,,
OR,orbend001,orbendhs,LastName376,Name376,MiddleName376,,STUDENTTEST376,ASTUDENTTEST376,03,Male,YES,NO,NO,NO,NO,NO,NO,NO,NO,NO,NO,,,NO,,,,,,
OR,orbend001,orbendhs,LastName377,Name377,MiddleName377,,STUDENTTEST377,ASTUDENTTEST377,03,Female,YES,NO,NO,NO,NO,NO,NO,NO,NO,NO,NO,,,NO,,,,,,
OR,orbend001,orbendhs,LastName378,Name378,MiddleName378,,STUDENTTEST378,ASTUDENTTEST378,03,Male,NO,NO,NO,NO,NO,YES,NO,NO,NO,NO,NO,,,NO,,,,,,
OR,orbend001,orbendhs,LastName379,Name379,MiddleName379,,STUDENTTEST379,ASTUDENTTEST379,03,Male,NO,NO,YES,NO,NO,NO,NO,NO,NO,NO,NO,,,NO,,,,,,
OR,orbend001,orbendhs,LastName380,Name380,MiddleName380,,STUDENTTEST380,ASTUDENTTEST380,03,Male,NO,NO,NO,YES,NO,NO,NO,NO,NO,NO,NO,,,NO,,,,,,
OR,orbend001,orbendhs,LastName381,Name381,MiddleName381,,STUDENTTEST381,ASTUDENTTEST381,03,Female,NO,NO,NO,YES,NO,NO,NO,NO,NO,NO,NO,,,NO,,,,,,
OR,orbend001,orbendhs,LastName382,Name382,MiddleName382,,STUDENTTEST382,ASTUDENTTEST382,03,Male,NO,NO,NO,YES,NO,NO,NO,NO,NO,NO,NO,,,NO,,,,,,
OR,orbend001,orbendhs,LastName383,Name383,MiddleName383,,STUDENTTEST383,ASTUDENTTEST383,03,Female,NO,NO,NO,YES,NO,NO,NO,NO,NO,NO,NO,,,NO,,,,,,
OR,orbend001,orbendhs,LastName384,Name384,MiddleName384,,STUDENTTEST384,ASTUDENTTEST384,03,Female,NO,YES,NO,NO,NO,NO,NO,NO,NO,NO,NO,,,NO,,,,,,
OR,orbend001,orbendhs,LastName385,Name385,MiddleName385,,STUDENTTEST385,ASTUDENTTEST385,03,Male,NO,NO,NO,NO,YES,NO,NO,NO,NO,NO,NO,,,NO,,,,,,
OR,orbend001,orbendhs,LastName386,Name386,MiddleName386,,STUDENTTEST386,ASTUDENTTEST386,03,Male,NO,NO,YES,NO,NO,NO,NO,NO,NO,NO,NO,,,NO,,,,,,
OR,orbend001,orbendhs,LastName387,Name387,MiddleName387,,STUDENTTEST387,ASTUDENTTEST387,03,Male,YES,NO,NO,NO,NO,NO,NO,NO,NO,NO,NO,,,NO,,,,,,
OR,orbend001,orbendhs,LastName388,Name388,MiddleName388,,STUDENTTEST388,ASTUDENTTEST388,03,Female,NO,NO,NO,NO,YES,NO,NO,NO,NO,NO,NO,,,NO,,,,,,
OR,orbend001,orbendhs,LastName389,Name389,MiddleName389,,STUDENTTEST389,ASTUDENTTEST389,03,Male,NO,NO,YES,NO,NO,NO,NO,NO,NO,NO,NO,,,NO,,,,,,
OR,orbend001,orbendhs,LastName390,Name390,MiddleName390,,STUDENTTEST390,ASTUDENTTEST390,03,Female,NO,NO,NO,YES,NO,NO,NO,NO,NO,NO,NO,,,NO,,,,,,
OR,orbend001,orbendhs,LastName391,Name391,MiddleName391,,STUDENTTEST391,ASTUDENTTEST391,03,Male,YES,NO,NO,NO,NO,NO,NO,NO,NO,NO,NO,,,NO,,,,,,
OR,orbend001,orbendhs,LastName392,Name392,MiddleName392,,STUDENTTEST392,ASTUDENTTEST392,03,Female,NO,NO,NO,NO,YES,NO,NO,NO,NO,NO,NO,,,NO,,,,,,
OR,orbend001,orbendhs,LastName393,Name393,MiddleName393,,STUDENTTEST393,ASTUDENTTEST393,03,Female,NO,NO,NO,YES,NO,NO,NO,NO,NO,NO,NO,,,NO,,,,,,
OR,orbend001,orbendhs,LastName394,Name394,MiddleName394,,STUDENTTEST394,ASTUDENTTEST394,03,Female,NO,NO,NO,NO,YES,NO,NO,NO,NO,NO,NO,,,NO,,,,,,
OR,orbend001,orbendhs,LastName395,Name395,MiddleName395,,STUDENTTEST395,ASTUDENTTEST395,03,Female,NO,NO,NO,NO,NO,YES,NO,NO,NO,NO,NO,,,NO,,,,,,
OR,orbend001,orbendhs,LastName396,Name396,MiddleName396,,STUDENTTEST396,ASTUDENTTEST396,03,Male,NO,NO,NO,NO,NO,YES,NO,NO,NO,NO,NO,,,NO,,,,,,
OR,orbend001,orbendhs,LastName397,Name397,MiddleName397,,STUDENTTEST397,ASTUDENTTEST397,03,Male,NO,NO,YES,NO,NO,NO,NO,NO,NO,NO,NO,,,NO,,,,,,
OR,orbend001,orbendhs,LastName398,Name398,MiddleName398,,STUDENTTEST398,ASTUDENTTEST398,03,Male,NO,NO,NO,YES,NO,NO,NO,NO,NO,NO,NO,,,NO,,,,,,
OR,orbend001,orbendhs,LastName399,Name399,MiddleName399,,STUDENTTEST399,ASTUDENTTEST399,03,Male,NO,YES,NO,NO,NO,NO,NO,NO,NO,NO,NO,,,NO,,,,,,
OR,orbend001,orbendhs,LastName400,Name400,MiddleName400,,STUDENTTEST400,ASTUDENTTEST400,03,Male,NO,NO,NO,NO,YES,NO,NO,NO,NO,NO,NO,,,NO,,,,,,
OR,orbend001,orbendhs,LastName401,Name401,MiddleName401,,STUDENTTEST401,ASTUDENTTEST401,03,Female,NO,NO,YES,NO,NO,NO,NO,NO,NO,NO,NO,,,NO,,,,,,
OR,orbend001,orbendhs,LastName402,Name402,MiddleName402,,STUDENTTEST402,ASTUDENTTEST402,03,Male,NO,YES,NO,NO,NO,NO,NO,NO,NO,NO,NO,,,NO,,,,,,
OR,orbend001,orbendhs,LastName403,Name403,MiddleName403,,STUDENTTEST403,ASTUDENTTEST403,03,Male,NO,NO,NO,YES,NO,NO,NO,NO,NO,NO,NO,,,NO,,,,,,
OR,orbend001,orbendhs,LastName404,Name404,MiddleName404,,STUDENTTEST404,ASTUDENTTEST404,03,Male,NO,NO,YES,NO,NO,NO,NO,NO,NO,NO,NO,,,NO,,,,,,
OR,orbend001,orbendhs,LastName405,Name405,MiddleName405,,STUDENTTEST405,ASTUDENTTEST405,03,Male,NO,NO,NO,YES,NO,NO,NO,NO,NO,NO,NO,,,NO,,,,,,
OR,orbend001,orbendhs,LastName406,Name406,MiddleName406,,STUDENTTEST406,ASTUDENTTEST406,03,Female,NO,NO,NO,NO,NO,YES,NO,NO,NO,NO,NO,,,NO,,,,,,
OR,orbend001,orbendhs,LastName407,Name407,MiddleName407,,STUDENTTEST407,ASTUDENTTEST407,03,Male,NO,NO,YES,NO,NO,NO,NO,NO,NO,NO,NO,,,NO,,,,,,
OR,orbend001,orbendhs,LastName408,Name408,MiddleName408,,STUDENTTEST408,ASTUDENTTEST408,03,Female,NO,YES,NO,NO,NO,NO,NO,NO,NO,NO,NO,,,NO,,,,,,
OR,orbend001,orbendhs,LastName409,Name409,MiddleName409,,STUDENTTEST409,ASTUDENTTEST409,03,Male,NO,NO,YES,NO,NO,NO,NO,NO,NO,NO,NO,,,NO,,,,,,
OR,orbend001,orbendhs,LastName410,Name410,MiddleName410,,STUDENTTEST410,ASTUDENTTEST410,03,Female,NO,NO,NO,YES,NO,NO,NO,NO,NO,NO,NO,,,NO,,,,,,
OR,orbend001,orbendhs,LastName411,Name411,MiddleName411,,STUDENTTEST411,ASTUDENTTEST411,03,Male,NO,NO,NO,NO,YES,NO,NO,NO,NO,NO,NO,,,NO,,,,,,
OR,orbend001,orbendhs,LastName412,Name412,MiddleName412,,STUDENTTEST412,ASTUDENTTEST412,03,Male,NO,NO,YES,NO,NO,NO,NO,NO,NO,NO,NO,,,NO,,,,,,
OR,orbend001,orbendhs,LastName413,Name413,MiddleName413,,STUDENTTEST413,ASTUDENTTEST413,03,Female,NO,NO,NO,NO,YES,NO,NO,NO,NO,NO,NO,,,NO,,,,,,
OR,orbend001,orbendhs,LastName414,Name414,MiddleName414,,STUDENTTEST414,ASTUDENTTEST414,03,Male,NO,NO,NO,YES,NO,NO,NO,NO,NO,NO,NO,,,NO,,,,,,
OR,orbend001,orbendhs,LastName415,Name415,MiddleName415,,STUDENTTEST415,ASTUDENTTEST415,03,Male,NO,NO,NO,YES,NO,NO,NO,NO,NO,NO,NO,,,NO,,,,,,
OR,orbend001,orbendhs,LastName416,Name416,MiddleName416,,STUDENTTEST416,ASTUDENTTEST416,03,Male,NO,NO,NO,YES,NO,NO,NO,NO,NO,NO,NO,,,NO,,,,,,
OR,orbend001,orbendhs,LastName417,Name417,MiddleName417,,STUDENTTEST417,ASTUDENTTEST417,03,Female,NO,YES,NO,NO,NO,NO,NO,NO,NO,NO,NO,,,NO,,,,,,
OR,orbend001,orbendhs,LastName418,Name418,MiddleName418,,STUDENTTEST418,ASTUDENTTEST418,03,Female,YES,NO,NO,NO,NO,NO,NO,NO,NO,NO,NO,,,NO,,,,,,
OR,orbend001,orbendhs,LastName419,Name419,MiddleName419,,STUDENTTEST419,ASTUDENTTEST419,03,Female,NO,YES,NO,NO,NO,NO,NO,NO,NO,NO,NO,,,NO,,,,,,
OR,orbend001,orbendhs,LastName420,Name420,MiddleName420,,STUDENTTEST420,ASTUDENTTEST420,03,Male,NO,NO,NO,NO,NO,YES,NO,NO,NO,NO,NO,,,NO,,,,,,
OR,orbend001,orbendhs,LastName421,Name421,MiddleName421,,STUDENTTEST421,ASTUDENTTEST421,03,Female,YES,NO,NO,NO,NO,NO,NO,NO,NO,NO,NO,,,NO,,,,,,
OR,orbend001,orbendhs,LastName422,Name422,MiddleName422,,STUDENTTEST422,ASTUDENTTEST422,03,Male,YES,NO,NO,NO,NO,NO,NO,NO,NO,NO,NO,,,NO,,,,,,
OR,orbend001,orbendhs,LastName423,Name423,MiddleName423,,STUDENTTEST423,ASTUDENTTEST423,03,Male,NO,NO,NO,NO,NO,YES,NO,NO,NO,NO,NO,,,NO,,,,,,
OR,orbend001,orbendhs,LastName424,Name424,MiddleName424,,STUDENTTEST424,ASTUDENTTEST424,03,Female,NO,YES,NO,NO,NO,NO,NO,NO,NO,NO,NO,,,NO,,,,,,
OR,orbend001,orbendhs,LastName425,Name425,MiddleName425,,STUDENTTEST425,ASTUDENTTEST425,03,Female,NO,NO,NO,NO,NO,YES,NO,NO,NO,NO,NO,,,NO,,,,,,
OR,orbend001,orbendhs,LastName426,Name426,MiddleName426,,STUDENTTEST426,ASTUDENTTEST426,03,Male,NO,NO,NO,NO,YES,NO,NO,NO,NO,NO,NO,,,NO,,,,,,
OR,orbend001,orbendhs,LastName427,Name427,MiddleName427,,STUDENTTEST427,ASTUDENTTEST427,03,Female,NO,NO,NO,NO,NO,YES,NO,NO,NO,NO,NO,,,NO,,,,,,
OR,orbend001,orbendhs,LastName428,Name428,MiddleName428,,STUDENTTEST428,ASTUDENTTEST428,03,Male,YES,NO,NO,NO,NO,NO,NO,NO,NO,NO,NO,,,NO,,,,,,
OR,orbend001,orbendhs,LastName429,Name429,MiddleName429,,STUDENTTEST429,ASTUDENTTEST429,03,Male,NO,NO,NO,YES,NO,NO,NO,NO,NO,NO,NO,,,NO,,,,,,
OR,orbend001,orbendhs,LastName430,Name430,MiddleName430,,STUDENTTEST430,ASTUDENTTEST430,03,Male,NO,NO,NO,YES,NO,NO,NO,NO,NO,NO,NO,,,NO,,,,,,
OR,orbend001,orbendhs,LastName431,Name431,MiddleName431,,STUDENTTEST431,ASTUDENTTEST431,03,Female,NO,NO,NO,YES,NO,NO,NO,NO,NO,NO,NO,,,NO,,,,,,
OR,orbend001,orbendhs,LastName432,Name432,MiddleName432,,STUDENTTEST432,ASTUDENTTEST432,03,Male,NO,NO,YES,NO,NO,NO,NO,NO,NO,NO,NO,,,NO,,,,,,
OR,orbend001,orbendhs,LastName433,Name433,MiddleName433,,STUDENTTEST433,ASTUDENTTEST433,03,Female,NO,YES,NO,NO,NO,NO,NO,NO,NO,NO,NO,,,NO,,,,,,
OR,orbend001,orbendhs,LastName434,Name434,MiddleName434,,STUDENTTEST434,ASTUDENTTEST434,03,Female,NO,NO,NO,NO,YES,NO,NO,NO,NO,NO,NO,,,NO,,,,,,
OR,orbend001,orbendhs,LastName435,Name435,MiddleName435,,STUDENTTEST435,ASTUDENTTEST435,03,Male,NO,YES,NO,NO,NO,NO,NO,NO,NO,NO,NO,,,NO,,,,,,
OR,orbend001,orbendhs,LastName436,Name436,MiddleName436,,STUDENTTEST436,ASTUDENTTEST436,03,Female,NO,YES,NO,NO,NO,NO,NO,NO,NO,NO,NO,,,NO,,,,,,
OR,orbend001,orbendhs,LastName437,Name437,MiddleName437,,STUDENTTEST437,ASTUDENTTEST437,03,Male,YES,NO,NO,NO,NO,NO,NO,NO,NO,NO,NO,,,NO,,,,,,
OR,orbend001,orbendhs,LastName438,Name438,MiddleName438,,STUDENTTEST438,ASTUDENTTEST438,03,Female,NO,NO,NO,NO,YES,NO,NO,NO,NO,NO,NO,,,NO,,,,,,
OR,orbend001,orbendhs,LastName439,Name439,MiddleName439,,STUDENTTEST439,ASTUDENTTEST439,03,Female,NO,NO,NO,NO,NO,YES,NO,NO,NO,NO,NO,,,NO,,,,,,
OR,orbend001,orbendhs,LastName440,Name440,MiddleName440,,STUDENTTEST440,ASTUDENTTEST440,03,Female,NO,NO,YES,NO,NO,NO,NO,NO,NO,NO,NO,,,NO,,,,,,
OR,orbend001,orbendhs,LastName441,Name441,MiddleName441,,STUDENTTEST441,ASTUDENTTEST441,03,Female,YES,NO,NO,NO,NO,NO,NO,NO,NO,NO,NO,,,NO,,,,,,
OR,orbend001,orbendhs,LastName442,Name442,MiddleName442,,STUDENTTEST442,ASTUDENTTEST442,03,Male,NO,YES,NO,NO,NO,NO,NO,NO,NO,NO,NO,,,NO,,,,,,
OR,orbend001,orbendhs,LastName443,Name443,MiddleName443,,STUDENTTEST443,ASTUDENTTEST443,03,Female,YES,NO,NO,NO,NO,NO,NO,NO,NO,NO,NO,,,NO,,,,,,
OR,orbend001,orbendhs,LastName444,Name444,MiddleName444,,STUDENTTEST444,ASTUDENTTEST444,03,Male,NO,YES,NO,NO,NO,NO,NO,NO,NO,NO,NO,,,NO,,,,,,
OR,orbend001,orbendhs,LastName445,Name445,MiddleName445,,STUDENTTEST445,ASTUDENTTEST445,03,Male,NO,NO,NO,NO,NO,YES,NO,NO,NO,NO,NO,,,NO,,,,,,
OR,orbend001,orbendhs,LastName446,Name446,MiddleName446,,STUDENTTEST446,ASTUDENTTEST446,03,Female,NO,YES,NO,NO,NO,NO,NO,NO,NO,NO,NO,,,NO,,,,,,
OR,orbend001,orbendhs,LastName447,Name447,MiddleName447,,STUDENTTEST447,ASTUDENTTEST447,03,Female,NO,NO,NO,YES,NO,NO,NO,NO,NO,NO,NO,,,NO,,,,,,
OR,orbend001,orbendhs,LastName448,Name448,MiddleName448,,STUDENTTEST448,ASTUDENTTEST448,03,Male,NO,NO,YES,NO,NO,NO,NO,NO,NO,NO,NO,,,NO,,,,,,
OR,orbend001,orbendhs,LastName449,Name449,MiddleName449,,STUDENTTEST449,ASTUDENTTEST449,03,Male,YES,NO,NO,NO,NO,NO,NO,NO,NO,NO,NO,,,NO,,,,,,
